GEOID,NAME,total_pop,median_hh_income,pop_density,renter_share,stops_per_km2,need_index,gap_score,underserved,zone_id,zone_size
6073008363,"Census Tract 83.63, San Diego County, California",5500.0,66759.0,21619.097107925423,0.8738156761412575,11.79223478614114,3.3994276875038025,2.797307987816601,True,47,4.0
6073013907,"Census Tract 139.07, San Diego County, California",4111.0,45432.0,3067.8090411251524,0.6754448398576512,0.0,0.7188457523159834,2.4298200035914426,True,53,1.0
6073018700,"Census Tract 187, San Diego County, California",40402.0,41709.0,72.24456960691407,0.9498870131596437,0.1448396153200346,0.7450231009594486,2.314220005286104,True,109,1.0
6073020028,"Census Tract 200.28, San Diego County, California",4509.0,37132.0,9867.419016296482,0.9461883408071748,4.376766030736962,2.1717922466996415,2.304455854227226,True,17,1.0
6073009400,"Census Tract 94, San Diego County, California",4645.0,47083.0,74.69576752373736,0.957169459962756,0.1608089720640201,0.6975883799160311,2.2440525232458217,True,103,1.0
6073009511,"Census Tract 95.11, San Diego County, California",4517.0,64176.0,3075.405159601641,0.9529085872576177,0.6808512640251586,0.9282880068530877,2.1128125188144917,True,85,2.0
6073002707,"Census Tract 27.07, San Diego County, California",5418.0,33965.0,14125.63269516789,0.859628074385123,10.428669394734506,2.678492333689451,2.0799373848441403,True,73,17.0
6073002302,"Census Tract 23.02, San Diego County, California",7826.0,30231.0,14798.669130677063,0.8821505376344086,17.01865859648525,2.84771204690462,1.7852458618923222,True,73,17.0
6073015703,"Census Tract 157.03, San Diego County, California",7196.0,23728.0,10507.44415373721,0.8125273762593079,8.76107072296043,2.20945370187349,1.704349914087361,True,55,8.0
6073009305,"Census Tract 93.05, San Diego County, California",4714.0,87969.0,3072.9392311247684,0.5080789946140036,0.0,0.006597518705696137,1.6008451242619208,True,87,1.0
6073015100,"Census Tract 151, San Diego County, California",4801.0,67900.0,2237.3409744175024,0.43641160949868074,0.0,0.0009429107787856198,1.5942638121537729,True,59,1.0
6073020213,"Census Tract 202.13, San Diego County, California",3907.0,34259.0,11616.948107125538,0.8760484622553588,11.893471315204032,2.3456766275832037,1.5623508583650751,True,11,1.0
6073013104,"Census Tract 131.04, San Diego County, California",6004.0,47706.0,6139.345005402882,0.751335599805731,3.06762741775627,1.2404266451820332,1.5217652266967203,True,92,1.0
6073008329,"Census Tract 83.29, San Diego County, California",7239.0,94375.0,2863.4191649503305,0.5183780630105017,0.0,-0.07751987174521313,1.5029421737061868,True,28,1.0
6073014901,"Census Tract 149.01, San Diego County, California",4303.0,61250.0,2494.704549580999,0.5862984599044079,0.5797593654615382,0.3328013178537523,1.4867162933342706,True,61,1.0
6073018903,"Census Tract 189.03, San Diego County, California",4873.0,49603.0,695.3255456833937,0.4188222344523941,0.1426894204152254,-0.04327457943914866,1.398762400688097,True,2,1.0
6073010005,"Census Tract 100.05, San Diego County, California",7955.0,36099.0,5284.138265393653,0.5755841678588459,2.657014841178455,0.9848492942333505,1.3392139428048675,True,95,2.0
6073018300,"Census Tract 183, San Diego County, California",2590.0,62500.0,901.406883888525,0.3739130434782609,0.0,-0.22167892073329173,1.3351576505584064,True,6,1.0
6073018603,"Census Tract 186.03, San Diego County, California",6698.0,35144.0,1371.2887296024685,0.7285591766723842,1.6378485871632948,0.670661778552522,1.3263098991320579,True,5,2.0
6073015801,"Census Tract 158.01, San Diego County, California",3206.0,31979.0,5125.667721956768,0.8388017118402282,4.796320388605834,1.3990431018418636,1.3239279372245818,True,55,8.0
6073008355,"Census Tract 83.55, San Diego County, California",3484.0,97325.0,3896.0266076491707,0.3152064451158107,0.0,-0.2662516295324704,1.283280153143079,True,32,1.0
6073008354,"Census Tract 83.54, San Diego County, California",8450.0,113071.0,2914.2596076156137,0.5223721590909091,0.0,-0.2683246161904887,1.2808674355207808,True,33,1.0
6073016616,"Census Tract 166.16, San Diego County, California",4237.0,62788.0,1731.9047654993603,0.4673987645847632,0.4087573201556196,0.031474136143147,1.2597203884441222,True,50,1.0
6073002708,"Census Tract 27.08, San Diego County, California",5929.0,26052.0,9266.479457524689,0.8916164891153312,12.50326120091036,2.1266436900260506,1.2575210536341428,True,73,17.0
6073006300,"Census Tract 63, San Diego County, California",3395.0,75402.79871175524,1662.253984065153,0.34285714285714286,0.0,-0.3012436829575044,1.242553434708869,True,37,2.0
6073003603,"Census Tract 36.03, San Diego County, California",4118.0,35989.0,6076.34627482372,0.6737777777777778,4.426672856840981,1.2439442482475427,1.214570680908455,True,81,3.0
6073002201,"Census Tract 22.01, San Diego County, California",3467.0,32946.0,9701.381518476474,0.7926093514328808,11.192825518865272,1.965520112936436,1.18022816414676,True,73,17.0
6073021100,"Census Tract 211, San Diego County, California",7434.0,42893.0,6.348256645872669,0.24348917477251333,0.045259295430623,-0.328183091978864,1.1633988726871751,True,115,1.0
6073020903,"Census Tract 209.03, San Diego County, California",3007.0,38796.0,2.323596100285607,0.18771929824561404,0.0092727479891677,-0.36703953129253325,1.156007475425131,True,113,1.0
6073015901,"Census Tract 159.01, San Diego County, California",3849.0,39286.0,9908.07990792044,0.8806706114398422,12.87097935557345,2.056557758417238,1.146935715772127,True,55,8.0
6073012600,"Census Tract 126, San Diego County, California",4739.0,44918.0,662.1740461531749,0.5375826819001804,0.8383718668324646,0.17984149390868454,1.1449727819104818,True,84,1.0
6073008364,"Census Tract 83.64, San Diego County, California",5811.0,71629.0,5874.304020807292,0.7201929703652653,3.0326814769268413,0.8957536101273783,1.1299229793794945,True,47,4.0
6073004900,"Census Tract 49, San Diego County, California",5686.0,33420.0,7329.4853945093855,0.7720075997466751,7.734244172890663,1.5949631960005757,1.1091814708608065,True,71,1.0
6073008345,"Census Tract 83.45, San Diego County, California",4170.0,69122.0,2180.236854988057,0.6140939597315436,1.0456771486753271,0.24391461957471205,1.1041645579958392,True,48,1.0
6073016607,"Census Tract 166.07, San Diego County, California",6846.0,79229.0,1669.3035065185265,0.2836318200749688,0.0,-0.4300987642910001,1.0925809666018065,True,42,1.0
6073019502,"Census Tract 195.02, San Diego County, California",5747.0,42212.0,7488.81899484681,0.8005677785663591,7.818499037598896,1.5640450008403748,1.0628292644937924,True,19,2.0
6073008353,"Census Tract 83.53, San Diego County, California",5286.0,94375.0,2704.2333718782825,0.26813880126182965,0.0,-0.4722958626954445,1.0434684059702837,True,31,1.0
6073001700,"Census Tract 17, San Diego County, California",4679.0,47208.0,7394.57039241732,0.7138728323699421,6.321496381634812,1.3672650296744153,1.0346947831802993,True,73,17.0
6073002709,"Census Tract 27.09, San Diego County, California",4092.0,32061.0,6591.144961063965,0.7871287128712872,8.05369618898334,1.5280849313909046,0.9925523204901899,True,73,17.0
6073020309,"Census Tract 203.09, San Diego County, California",4337.0,74167.0,1535.6404584793038,0.3893376413570275,0.3540789620657836,-0.23647832852048148,0.9906026482222176,True,14,2.0
6073009805,"Census Tract 98.05, San Diego County, California",4940.0,78906.0,660.8380792152109,0.3167791706846673,0.0,-0.5195787092688423,0.9884366204453717,True,51,1.0
6073021000,"Census Tract 210, San Diego County, California",2693.0,39760.0,0.9760642320180822,0.0955650929899857,0.0065240089774695,-0.514853106555543,0.9869145120461371,True,116,1.0
6073017049,"Census Tract 170.49, San Diego County, California",3457.0,86278.0,320.4688689282295,0.40209424083769635,0.0,-0.5210884166369506,0.9866794950160017,True,105,1.0
6073019701,"Census Tract 197.01, San Diego County, California",7177.0,52430.0,2375.331290860814,0.5655806182121972,1.6548218551350244,0.38133232285718766,0.9826376061426956,True,21,1.0
6073020707,"Census Tract 207.07, San Diego County, California",4939.0,51842.0,4188.054202341235,0.697644812221515,3.3918236099139385,0.840055002937016,0.9729697123410086,True,9,1.0
6073020403,"Census Tract 204.03, San Diego County, California",4071.0,83750.0,1394.232928668041,0.27375201288244766,0.0,-0.5329293445517297,0.97289801922413,True,10,1.0
6073016804,"Census Tract 168.04, San Diego County, California",7355.0,54773.0,1699.3844129754566,0.6311385958530374,1.6173611000446226,0.35792165040398327,0.9707361927429579,True,39,1.0
6073001200,"Census Tract 12, San Diego County, California",6126.0,46728.0,8911.669147022658,0.7928185573562123,10.183102192157788,1.7040589143280085,0.9692650626957675,True,73,17.0
6073020500,"Census Tract 205, San Diego County, California",5180.0,48059.0,2487.335844696619,0.5704371963913949,1.9207226599973888,0.452040371522023,0.9618567440915043,True,12,1.0
6073016605,"Census Tract 166.05, San Diego County, California",7271.0,69792.0,1237.252253556002,0.2770472205618649,0.1701625984810895,-0.397937129661714,0.9603205361344596,True,49,1.0
6073009507,"Census Tract 95.07, San Diego County, California",3778.0,91750.0,928.5434257594148,0.36923076923076925,0.0,-0.5438529800470501,0.960184166118911,True,88,1.0
6073019808,"Census Tract 198.08, San Diego County, California",4682.0,65357.0,2230.544384051294,0.2915966386554622,0.4764084545175766,-0.18773761060692543,0.9539327279306329,True,22,1.0
6073002301,"Census Tract 23.01, San Diego County, California",3041.0,29741.0,7183.543558740597,0.90546875,11.811153500066748,1.813060955265901,0.9493640356422988,True,73,17.0
6073002602,"Census Tract 26.02, San Diego County, California",4307.0,46875.0,5613.446477562189,0.7262914417887433,5.21332387050122,1.1380116666100484,0.9450963092787249,True,73,17.0
6073020022,"Census Tract 200.22, San Diego County, California",8148.0,81706.0,1596.0656434957407,0.3332041844246416,0.1958843450534782,-0.3936970604805507,0.941775733865885,True,16,1.0
6073003207,"Census Tract 32.07, San Diego County, California",6568.0,70380.0,1176.9248670538796,0.44664031620553357,0.5375722596165711,-0.16054045289028357,0.9417528950314102,True,90,1.0
6073019107,"Census Tract 191.07, San Diego County, California",1940.0,59917.0,19.00472223186824,0.20698924731182797,0.0,-0.5663874240893126,0.9339566696518385,True,111,1.0
6073008002,"Census Tract 80.02, San Diego County, California",2968.0,109224.0,2718.9879531089778,0.3088630259623993,0.0,-0.5715852229506929,0.9279070306628432,True,44,1.0
6073020306,"Census Tract 203.06, San Diego County, California",9189.0,61302.0,446.32001597000925,0.37173494638438276,0.3885689550288469,-0.2760770322688712,0.917353349263464,True,18,1.0
6073013702,"Census Tract 137.02, San Diego County, California",5788.0,56048.0,2355.8634238334103,0.5433589462129528,1.6281018824004216,0.3060606114029201,0.9059535796702145,True,54,1.0
6073018905,"Census Tract 189.05, San Diego County, California",6815.0,46806.0,2417.769966805233,0.49789227166276345,1.7738591099084613,0.34795590386167913,0.8964262999718249,True,1,3.0
6073008600,"Census Tract 86, San Diego County, California",7177.0,47235.0,2687.250741649486,0.5716325559257497,2.246552103928789,0.4910195361114284,0.8930148426046345,True,69,1.0
6073017052,"Census Tract 170.52, San Diego County, California",5429.0,100082.0,2470.28725041631,0.4737777777777778,0.4550169921562553,-0.2616057328215044,0.8837191967384512,True,29,1.0
6073016502,"Census Tract 165.02, San Diego County, California",7645.0,40043.0,3635.3743626010582,0.6679042904290429,3.804185075318309,0.8465039782737481,0.8835654009721062,True,55,8.0
6073010009,"Census Tract 100.09, San Diego County, California",7053.0,41703.0,1736.0764402445134,0.7350574712643678,2.953766806030648,0.6602702249828389,0.8771885875984804,True,96,1.0
6073017019,"Census Tract 170.19, San Diego County, California",6137.0,67529.0,974.5010220219265,0.1381233595800525,0.0,-0.6170285212954196,0.8750162673250327,True,36,1.0
6073020904,"Census Tract 209.04, San Diego County, California",1909.0,54866.0,12.753225705800222,0.16523235800344235,0.0601252128612896,-0.5743038083653863,0.8616928217197208,True,114,1.0
6073016302,"Census Tract 163.02, San Diego County, California",6022.0,41426.0,5056.7726262134875,0.6705882352941176,5.038298863713205,1.036008103192576,0.8572316121927601,True,55,8.0
6073010401,"Census Tract 104.01, San Diego County, California",2329.0,50583.0,5870.166190964426,0.6595995288574794,5.040932753082376,1.034571748374932,0.8550889293688668,True,93,3.0
6073009509,"Census Tract 95.09, San Diego County, California",4165.0,87787.0,799.221700489794,0.5742954739538856,0.5756698923095755,-0.21377888566387707,0.8533589489895054,True,85,2.0
6073004200,"Census Tract 42, San Diego County, California",6031.0,104361.0,2419.077303692039,0.25744934445768775,0.0,-0.6373625491761215,0.8513498017400706,True,75,1.0
6073019002,"Census Tract 190.02, San Diego County, California",1803.0,77500.0,47.54528882722746,0.2849162011173184,0.0,-0.6382007381913269,0.8503742463017463,True,4,1.0
6073008347,"Census Tract 83.47, San Diego County, California",7001.0,107708.0,3088.365650719817,0.21193891716797778,0.0,-0.6471267399165519,0.8399854087393747,True,34,1.0
6073002601,"Census Tract 26.01, San Diego County, California",5554.0,28422.0,6650.735977543187,0.6841511562323745,8.382274368527602,1.4229742679337534,0.8317194028956352,True,73,17.0
6073010109,"Census Tract 101.09, San Diego County, California",4900.0,75057.0,382.34531266747945,0.27055921052631576,0.0780296556464243,-0.5856660668343355,0.8303829360994073,True,98,1.0
6073014803,"Census Tract 148.03, San Diego County, California",5122.0,52398.0,2729.3619830729417,0.8019425675675675,3.7300925188423646,0.7833080102056865,0.8267965522965312,True,63,1.0
6073019207,"Census Tract 192.07, San Diego County, California",9625.0,56323.0,397.15680022140464,0.4577181208053691,0.8252608835769448,-0.10078054686064535,0.8260900811200149,True,24,1.0
6073014300,"Census Tract 143, San Diego County, California",4080.0,60323.0,3533.3577360731565,0.43785084202085006,1.732038105918214,0.268629638114091,0.8205045838999959,True,66,1.0
6073002710,"Census Tract 27.10, San Diego County, California",4653.0,42721.0,6785.595082529435,0.6902303415409055,7.291634518084499,1.295088161242081,0.8163190831119415,True,73,17.0
6073019101,"Census Tract 191.01, San Diego County, California",7368.0,68696.0,25.59063626149928,0.25722425722425724,0.093776761544582,-0.5864721969473264,0.8137848799921109,True,110,1.0
6073002402,"Census Tract 24.02, San Diego County, California",5391.0,32742.0,10720.369178844787,0.8710066305003014,21.87424614492537,2.2281913935380495,0.8065353323026978,True,73,17.0
6073002401,"Census Tract 24.01, San Diego County, California",4970.0,44767.0,7600.670913842826,0.7498588368153586,9.175860258160352,1.4765163759297113,0.8063554774595324,True,73,17.0
6073003003,"Census Tract 30.03, San Diego County, California",5354.0,63202.0,1635.6549452266345,0.2872014696876914,0.6110029679591462,-0.2547257945919274,0.7817539142725369,True,67,1.0
6073009901,"Census Tract 99.01, San Diego County, California",804.0,75402.79871175524,110.55241914359902,1.0,2.4750541599313216,0.457481380385038,0.7805316521362231,True,101,1.0
6073001500,"Census Tract 15, San Diego County, California",3713.0,71836.0,4677.835144636889,0.5445891783567134,2.519706514751893,0.4633767432414964,0.7736059539427713,True,73,17.0
6073000800,"Census Tract 8, San Diego County, California",4439.0,64750.0,6998.732760549954,0.7241999280834233,6.306585051182657,1.1354319240730824,0.7670693096683077,True,76,1.0
6073015902,"Census Tract 159.02, San Diego County, California",5031.0,45885.0,4544.934953858342,0.6417824074074074,4.516929987933156,0.8722813828936212,0.7641852022614083,True,55,8.0
6073009510,"Census Tract 95.10, San Diego County, California",4790.0,53214.0,2974.704708131272,0.9547169811320755,5.589215526760219,1.0363325405382027,0.7633241010963409,True,86,1.0
6073002501,"Census Tract 25.01, San Diego County, California",5525.0,39801.0,4397.447517209505,0.5465045592705167,3.979590513311769,0.7760706792685074,0.7628649568364623,True,73,17.0
6073018803,"Census Tract 188.03, San Diego County, California",4729.0,70734.0,96.798311585957,0.24001971414489898,0.1023454341149894,-0.624249219488591,0.7613900578764449,True,26,1.0
6073018601,"Census Tract 186.01, San Diego County, California",5147.0,88165.0,1131.8726644176577,0.20514390691977955,0.0,-0.720187101877952,0.7549515653646761,True,5,2.0
6073010402,"Census Tract 104.02, San Diego County, California",6171.0,46016.0,9109.306335064914,0.7270519669742593,11.809180145927614,1.6418677409087703,0.7502812076254617,True,93,3.0
6073016202,"Census Tract 162.02, San Diego County, California",3609.0,43458.0,539.5767402814903,0.8981288981288982,3.737716405385774,0.7148921000346542,0.7454292083942311,True,58,1.0
6073010012,"Census Tract 100.12, San Diego County, California",5283.0,41159.0,8390.425202453644,0.72110365398956,11.117353098083573,1.5845417760791267,0.7435183081844106,True,95,2.0
6073015701,"Census Tract 157.01, San Diego County, California",7157.0,37619.0,7444.896342242296,0.7955286446204005,11.442484248241618,1.60044611370114,0.7334362509722956,True,55,8.0
6073010112,"Census Tract 101.12, San Diego County, California",5149.0,38250.0,6419.252315974432,0.8176795580110497,9.973590702620989,1.4817755919541487,0.7309756823244379,True,97,1.0
6073014500,"Census Tract 145, San Diego County, California",4062.0,55341.0,3463.401527951625,0.5207756232686981,2.557903639550683,0.4364740859907152,0.7306384128382706,True,65,1.0
6073016810,"Census Tract 168.10, San Diego County, California",3097.0,87019.0,1343.3350133861452,0.158968850698174,0.0,-0.7465447781552489,0.72427426708536,True,40,1.0
6073016301,"Census Tract 163.01, San Diego County, California",5353.0,36895.0,5008.227303435162,0.7033090297251823,6.5491483512135495,1.1272605395008812,0.7222917257263737,True,55,8.0
6073017404,"Census Tract 174.04, San Diego County, California",6972.0,88382.0,1405.3272510601114,0.37202697905573306,0.403134610172149,-0.4356706859738739,0.720336279238071,True,107,1.0
6073020024,"Census Tract 200.24, San Diego County, California",4415.0,62083.0,2564.0955716200124,0.33825417201540436,1.16153819778936,-0.03553666252130213,0.7194243805101325,True,15,1.0
6073013905,"Census Tract 139.05, San Diego County, California",3723.0,84677.0,1690.0748611201968,0.10466067048242028,0.0,-0.7528668768538017,0.7169160726266992,True,52,1.0
6073019601,"Census Tract 196.01, San Diego County, California",6930.0,62210.0,1974.5768271221707,0.4650844363304427,1.4246586054272514,0.06858246285891727,0.7165623008543625,True,20,1.0
6073008330,"Census Tract 83.30, San Diego County, California",5911.0,138077.0,3854.8015504139585,0.2872848948374761,0.0,-0.7581044011504764,0.7108201978081498,True,27,1.0
6073008343,"Census Tract 83.43, San Diego County, California",5090.0,61583.0,6644.169294425567,0.7168099331423113,6.526688894327669,1.1089422666581,0.7041888587142656,True,47,4.0
6073019208,"Census Tract 192.08, San Diego County, California",3315.0,82720.0,110.27464673706108,0.22050447518307567,0.0,-0.7821169260477494,0.6828723855289751,True,25,1.0
6073012303,"Census Tract 123.03, San Diego County, California",3812.0,45833.0,2434.2501279633952,0.6233509234828496,3.1928779223024595,0.5475542440257337,0.6825920221303649,True,91,1.0
6073010103,"Census Tract 101.03, San Diego County, California",6422.0,44347.0,1101.77988010891,0.5371944739638682,2.058760286718611,0.24753157963810934,0.673965404691458,True,94,1.0
6073002202,"Census Tract 22.02, San Diego County, California",5775.0,25625.0,11860.969589443344,0.8763326226012793,32.86156076728892,2.474710356338077,0.6698577555122647,True,73,17.0
6073012502,"Census Tract 125.02, San Diego County, California",4500.0,36667.0,1034.4619639126245,0.7495580436063641,3.678086982800443,0.6377576727268047,0.6693311741654597,True,79,1.0
6073016612,"Census Tract 166.12, San Diego County, California",6158.0,93880.0,943.1995278380464,0.21519632840387556,0.0,-0.7941925072154202,0.6688178003872715,True,43,1.0
6073018906,"Census Tract 189.06, San Diego County, California",6611.0,56319.0,1491.7731336035424,0.47377938517179025,1.5795510414800782,0.07763769516340731,0.6602313199182268,True,1,3.0
6073011601,"Census Tract 116.01, San Diego County, California",5593.0,36090.0,7622.529703357669,0.823721436343852,13.628696054635562,1.68413770268944,0.6560477362627162,True,83,1.0
6073006600,"Census Tract 66, San Diego County, California",1752.0,52643.0,3440.076450626476,0.8604651162790697,5.890541867511089,0.9680066937299068,0.635514077890666,True,37,2.0
6073003303,"Census Tract 33.03, San Diego County, California",4684.0,28483.0,7570.429036272249,0.7301204819277108,12.929853178944915,1.6204951823869675,0.6348354542004782,True,81,3.0
6073020602,"Census Tract 206.02, San Diego County, California",6270.0,55875.0,3143.6262777529532,0.5726538849646822,3.008254811246845,0.46270662441868843,0.6324670051093652,True,7,1.0
6073008341,"Census Tract 83.41, San Diego County, California",7953.0,59447.0,9692.099053772912,0.7739743267052606,13.40539288212021,1.6474312854519553,0.629936650564975,True,47,4.0
6073010502,"Census Tract 105.02, San Diego County, California",5785.0,42963.0,5504.8445638161365,0.7902270483711747,8.564148846040661,1.2604789888580734,0.6218608565846538,True,93,3.0
6073001900,"Census Tract 19, San Diego County, California",3343.0,95852.0,1818.4110114619878,0.38526179702650293,0.5439458604433106,-0.4391602158827485,0.6130045506286994,True,74,1.0
6073011802,"Census Tract 118.02, San Diego County, California",7893.0,41307.0,8785.04855636483,0.7150726089133701,13.35621217235246,1.6296458420328304,0.6129294617518497,True,81,3.0
6073007302,"Census Tract 73.02, San Diego County, California",2127.0,123750.0,2547.459825799388,0.2411111111111111,0.0,-0.8550336866246919,0.5980056776201644,True,38,1.0
6073021302,"Census Tract 213.02, San Diego County, California",7738.0,73587.0,20.255658412488263,0.11836998706338939,0.0183238057492139,-0.8471625692076657,0.5875586245051326,True,112,1.0
6073015601,"Census Tract 156.01, San Diego County, California",6160.0,61761.0,3795.3194859878513,0.4327603640040445,2.4644931727193846,0.2823407886531372,0.5799749811673961,True,57,1.0
6073003211,"Census Tract 32.11, San Diego County, California",3489.0,72071.0,4067.5167270140573,0.1843817787418655,1.165811615653212,-0.16124152115056162,0.5709855953764864,True,89,3.0
6073020705,"Census Tract 207.05, San Diego County, California",4884.0,77259.0,1448.9964143421446,0.1489971346704871,0.2966823125188666,-0.6400145113768888,0.567704725935401,True,8,1.0
6073021900,"Census Tract 219, San Diego County, California",5684.0,40144.0,534.9555698778777,0.7066666666666667,3.294061390873632,0.46552538812235644,0.5613698169217205,True,80,1.0
6073003202,"Census Tract 32.02, San Diego County, California",4569.0,50682.0,3518.767958855136,0.33547466095645967,2.3104188830302923,0.21941027776160785,0.5558559110409839,True,89,3.0
6073019503,"Census Tract 195.03, San Diego County, California",5474.0,54506.0,3065.429305072708,0.6495972382048332,3.9199863236223886,0.5810808769457602,0.5489229277087675,True,19,2.0
6073017034,"Census Tract 170.34, San Diego County, California",5231.0,123380.0,1960.0898402512248,0.4635685599541021,0.3747065265247992,-0.602914436936057,0.5477869987748086,True,30,1.0
6073020308,"Census Tract 203.08, San Diego County, California",5373.0,30292.0,4506.935652550811,0.7374545454545455,8.388117722968193,1.1793384618828349,0.5474830572481554,True,14,2.0
6073018904,"Census Tract 189.04, San Diego County, California",5825.0,44797.0,2005.8405323917382,0.5085551330798479,2.754802447919984,0.32759922320148666,0.5457546042295414,True,1,3.0
6073016402,"Census Tract 164.02, San Diego County, California",7920.0,64559.0,1318.0783061856819,0.538133952768099,1.8306643141467804,0.058997063371551105,0.5382206016014623,True,64,1.0
6073019001,"Census Tract 190.01, San Diego County, California",6382.0,86284.0,38.70139660799348,0.1681944998007174,0.0,-0.9089190060794078,0.5352893743923108,True,3,1.0
6073013418,"Census Tract 134.18, San Diego County, California",6577.0,81671.0,3545.954793770461,0.25408028231142477,1.0782894309777893,-0.23585815830301882,0.5286848512039155,True,102,1.0
6073000500,"Census Tract 5, San Diego County, California",3282.0,73477.0,2958.8357973503303,0.6100056850483229,2.7046031054390585,0.30021110969896636,0.5284124826581502,True,78,1.0
6073019302,"Census Tract 193.02, San Diego County, California",7836.0,53689.0,3138.5139035066372,0.4581402533209762,2.803675003132524,0.3154528148540736,0.5176527395217104,True,23,1.0
6073004100,"Census Tract 41, San Diego County, California",7081.0,46908.0,4674.483020425615,0.8371056241426612,8.581878162058041,1.1700114542263977,0.5145671491499709,True,72,1.0
6073008501,"Census Tract 85.01, San Diego County, California",5775.0,92039.0,1907.137835605701,0.3359375,0.6604806357076021,-0.458434853145961,0.5119939683556558,True,46,1.0
6073016608,"Census Tract 166.08, San Diego County, California",2625.0,94514.0,1048.641572548546,0.11800486618004866,0.0,-0.9308304751668829,0.5097869489940041,True,41,1.0
6073016100,"Census Tract 161, San Diego County, California",6344.0,69823.0,2251.016000134248,0.4576502732240437,1.774129886612743,0.013497440463620808,0.507049776218348,True,60,1.0
6073016902,"Census Tract 169.02, San Diego County, California",2648.0,97917.0,21.25145853655943,0.23569794050343248,0.0,-0.9378328662106415,0.5016369726281882,True,106,1.0
6073017036,"Census Tract 170.36, San Diego County, California",3556.0,100469.0,3569.325505028889,0.35090609555189456,1.003747329873141,-0.2935353035499042,0.500998517570842,True,35,1.0
6073016901,"Census Tract 169.01, San Diego County, California",7001.0,84143.0,161.7744767176445,0.12051482059282372,0.0,-0.9391365521868393,0.5001196323614048,True,100,1.0
6073003201,"Census Tract 32.01, San Diego County, California",5460.0,52270.0,3374.5116757977116,0.625,4.3262970202534765,0.6124926890141115,0.49979485064902834,True,89,3.0
6073015404,"Census Tract 154.04, San Diego County, California",8275.0,50127.0,2297.193625976934,0.5370157268891446,3.053671285286559,0.35292512223724576,0.49252712480185645,True,56,1.0
6073008301,"Census Tract 83.01, San Diego County, California",3058.0,112542.0,1300.887896588866,0.20968962906888722,0.0,-0.9554577832864393,0.48112359987885456,True,45,1.0
6073001600,"Census Tract 16, San Diego County, California",4770.0,43585.0,6931.34646091675,0.7495967741935484,11.624899724807968,1.3945600600682475,0.4780919676667157,True,73,17.0
6073003502,"Census Tract 35.02, San Diego County, California",4491.0,32475.0,5759.954162078639,0.7079062957540263,10.260439389140304,1.288398409034196,0.4780419820874311,True,82,1.0
6073005600,"Census Tract 56, San Diego County, California",4321.0,67988.0,776.4674414613529,0.7144163364827797,2.51574732248529,0.20743726267281892,0.4769372726415799,True,77,1.0
6073009000,"Census Tract 90, San Diego County, California",4566.0,52593.0,3706.6139844277855,0.6431199411331862,4.870714828420217,0.6827969699956693,0.47652833977526077,True,68,1.0
6073013308,"Census Tract 133.08, San Diego County, California",3690.0,60862.0,2292.28456531866,0.3873106060606061,1.863645988063951,0.012408727967331576,0.47148776778036844,True,99,1.0
6073020805,"Census Tract 208.05, San Diego County, California",3624.0,63820.0,500.6145516797999,0.3417296389588581,0.9669707124057944,-0.3405216401979371,0.46631572700740775,True,108,1.0
6073020207,"Census Tract 202.07, San Diego County, California",4980.0,38882.0,5998.462954851187,0.6897546897546898,9.636085068034037,1.2251689766404723,0.4660491164030882,True,13,1.0
6073010014,"Census Tract 100.14, San Diego County, California",19644.0,90064.0,688.938746293605,0.3948497854077253,0.6312816856691555,-0.5211612204813075,0.45814567435218223,True,104,1.0
6073015200,"Census Tract 152, San Diego County, California",3701.0,98929.0,862.2787188138623,0.1289245156980628,0.0,-0.9890401245208936,0.44203762400872426,True,62,1.0
6073009102,"Census Tract 91.02, San Diego County, California",3684.0,38958.0,3756.8227100607714,0.7934147636749868,8.158138349751946,1.062214727524978,0.43794721786807034,True,70,1.0
6073008507,"Census Tract 85.07, San Diego County, California",8062.0,66071.0,3603.6613498305232,0.5089522546419099,3.128954285389936,0.32164240240218933,0.4362468212783826,False,,
6073012002,"Census Tract 120.02, San Diego County, California",3851.0,36375.0,6778.5517460013025,0.7945091514143094,14.081644759286007,1.5184596620554345,0.4302889019428826,False,,
6073011300,"Census Tract 113, San Diego County, California",2893.0,146250.0,269.3764136720308,0.5789473684210527,0.0931131744459145,-0.9193035390951115,0.4270628918156105,False,,
6073007908,"Census Tract 79.08, San Diego County, California",3269.0,61369.0,7119.17690133481,0.7869593285990962,10.888921537679428,1.2826817643698658,0.41273954683302905,False,,
6073021202,"Census Tract 212.02, San Diego County, California",3570.0,84000.0,19.826967128738207,0.10076335877862595,0.0388764061347807,-0.9869958434902125,0.40323116151549754,False,,
6073013203,"Census Tract 132.03, San Diego County, California",6825.0,26679.0,6115.521289255466,0.7381470204436712,13.440706130231796,1.4467892327610439,0.3937684879323877,False,,
6073017035,"Census Tract 170.35, San Diego County, California",3287.0,72417.0,1407.3247941803663,0.6473594548551959,2.568892231543108,0.1483905903740882,0.39201239228390006,False,,
6073017048,"Census Tract 170.48, San Diego County, California",7729.0,62951.0,2043.5410614288335,0.4818676337262013,2.3795923861896107,0.09520316554204107,0.3889611373179656,False,,
6073015301,"Census Tract 153.01, San Diego County, California",3297.0,48194.0,5045.192912541016,0.5521783181357649,6.120949848396744,0.7843810160280368,0.3862766901397666,False,,
6073020202,"Census Tract 202.02, San Diego County, California",7122.0,35901.0,6303.752334057953,0.7752318603382433,13.276647712843202,1.4279422396588537,0.3841711400959149,False,,
6073018610,"Census Tract 186.10, San Diego County, California",7798.0,58024.0,3107.5830324261337,0.47523364485981306,3.1880821055923403,0.28923658595854795,0.38317588818726317,False,,
6073002904,"Census Tract 29.04, San Diego County, California",9038.0,37804.0,5014.234847186751,0.7152077450584913,9.43151055567324,1.1358967970351384,0.38311905323759254,False,,
6073018611,"Census Tract 186.11, San Diego County, California",8912.0,91961.0,360.9733120475386,0.2259100642398287,0.2430251203192585,-0.8394883795963745,0.3811761949734678,False,,
6073007600,"Census Tract 76, San Diego County, California",4667.0,66212.0,242.97120653870482,0.46000517732332386,1.4056615762899145,-0.22699923925801557,0.3810332384812151,False,,
6073020304,"Census Tract 203.04, San Diego County, California",6501.0,84919.0,467.1830669672409,0.15016778523489932,0.2155897863254457,-0.8603813709343195,0.3809602738272597,False,,
6073020018,"Census Tract 200.18, San Diego County, California",8436.0,53266.0,2920.6142952684854,0.4457611668185962,3.1158758484372173,0.27089753535316663,0.3806115361262803,False,,
6073017305,"Census Tract 173.05, San Diego County, California",3184.0,106875.0,757.2343686589714,0.16158752657689582,0.0,-1.0419369942695225,0.38047176235048097,False,,
6073017811,"Census Tract 178.11, San Diego County, California",7539.0,106466.0,2268.16623562683,0.4147690305790501,0.9025731140576324,-0.44755647444433433,0.3776854105973272,False,,
6073008800,"Census Tract 88, San Diego County, California",7092.0,50153.0,4854.174362922872,0.6915933528836755,7.529035249880371,0.9434804734509957,0.3766045977972702,False,,
6073003209,"Census Tract 32.09, San Diego County, California",5222.0,54375.0,3962.836905710196,0.5320652173913043,4.553240412535651,0.5342904770696356,0.3637187412256967,False,,
6073019103,"Census Tract 191.03, San Diego County, California",5879.0,94864.0,93.3999310742383,0.14625228519195613,0.0317740877952843,-1.027429981544031,0.36357837108020363,False,,
6073020206,"Census Tract 202.06, San Diego County, California",5800.0,44135.0,6993.359437099146,0.6417112299465241,10.851764643774535,1.2367984881622378,0.3627169266685979,False,,
6073002711,"Census Tract 27.11, San Diego County, California",3279.0,58993.0,2295.303523185147,0.5922836287799792,3.500005372346976,0.3381832689562789,0.3625713588063236,False,,
6073019903,"Census Tract 199.03, San Diego County, California",5005.0,79468.0,627.5332352895743,0.35544430538172717,0.8776688605448593,-0.4728820202588553,0.3624379074472013,False,,
6073017043,"Census Tract 170.43, San Diego County, California",6442.0,122568.0,2121.9888390789756,0.31341176470588233,0.3293990746785122,-0.7946158329081355,0.36085844415138846,False,,
6073013906,"Census Tract 139.06, San Diego County, California",5247.0,46793.0,2918.795018075898,0.49257278669043375,3.893951806085628,0.4108907116275609,0.35657055056790166,False,,
6073020103,"Census Tract 201.03, San Diego County, California",10850.0,92230.0,175.79525147362216,0.19768451519536903,0.1782256005723358,-0.9105503085630504,0.35628257231811533,False,,
6073020809,"Census Tract 208.09, San Diego County, California",8338.0,75625.0,424.81073150557285,0.2658782303985983,0.6623338342015408,-0.5928328864301099,0.3543656194626579,False,,
6073015000,"Census Tract 150, San Diego County, California",6796.0,57734.0,2188.467528290875,0.6769285208775655,4.186297508502262,0.46277452281878056,0.35430364844658335,False,,
6073019105,"Census Tract 191.05, San Diego County, California",6508.0,91544.0,143.08375853598918,0.14319526627218934,0.0879433057996245,-0.988754513221468,0.3513492855787723,False,,
6073020026,"Census Tract 200.26, San Diego County, California",4452.0,65570.0,1163.922816897234,0.24638457418318158,1.0457527555231212,-0.4078558157727124,0.3455389573139881,False,,
6073020807,"Census Tract 208.07, San Diego County, California",2771.0,91042.0,28.912752713708308,0.1376597836774828,0.073038350413554,-1.007627315070984,0.3442800731283351,False,,
6073003602,"Census Tract 36.02, San Diego County, California",3244.0,44702.0,4949.194573122797,0.6288265306122449,7.628228380275581,0.922960036384061,0.34023475882612597,False,,
6073007502,"Census Tract 75.02, San Diego County, California",3256.0,71964.0,3789.2937920490585,0.6751592356687898,4.655152078684347,0.5308493616425181,0.3400759224470194,False,,
6073020404,"Census Tract 204.04, San Diego County, California",4744.0,79696.0,1254.0444792974056,0.48410630536737886,1.586059628116449,-0.19552631137963608,0.3395786641515682,False,,
6073015403,"Census Tract 154.03, San Diego County, California",2599.0,104922.0,846.3526099869822,0.11252900232018562,0.0,-1.0810484734247734,0.3349505070027796,False,,
6073020108,"Census Tract 201.08, San Diego County, California",6091.0,51580.0,6407.228841846511,0.7147992810065907,10.519173931778871,1.1816177402786234,0.32922997509888097,False,,
6073021600,"Census Tract 216, San Diego County, California",3305.0,74571.0,216.79331943148185,0.28234183191690276,0.7215511388037218,-0.5861983464777772,0.3242887718038988,False,,
6073020806,"Census Tract 208.06, San Diego County, California",5991.0,56014.0,863.8545459570075,0.4633006077606358,2.162880685921401,-0.023241486500350184,0.3226698781239199,False,,
6073020902,"Census Tract 209.02, San Diego County, California",2214.0,95278.0,5.13973839911283,0.11774600504625736,0.0092858868999328,-1.0868135509647179,0.31825939043464624,False,,
6073010200,"Census Tract 102, San Diego County, California",6998.0,60370.0,791.8129178684993,0.4943628288349846,2.149820725850456,-0.03470545256304316,0.3137952803154925,False,,
6073003304,"Census Tract 33.04, San Diego County, California",4287.0,35307.0,7278.991619639742,0.6494464944649446,13.58337601052436,1.3849064556964414,0.31112768098765664,False,,
6073009804,"Census Tract 98.04, San Diego County, California",5022.0,95690.0,2729.652389344052,0.12043010752688173,0.5435389066794208,-0.7028154821215136,0.3064248674613407,False,,
6073013314,"Census Tract 133.14, San Diego County, California",20534.0,107352.0,1167.1472251971807,0.2391185576397742,0.2841987009830478,-0.8739384066509354,0.30589086490962103,False,,
6073008333,"Census Tract 83.33, San Diego County, California",15695.0,148889.0,1008.5728314547993,0.40243452600516416,0.0,-1.1063874963641602,0.30545880384048085,False,,
6073020811,"Census Tract 208.11, San Diego County, California",6124.0,104800.0,127.520906466161,0.16067364588074648,0.0,-1.1095327912506179,0.3017980429906566,False,,
6073017810,"Census Tract 178.10, San Diego County, California",4831.0,87212.0,1258.016888157548,0.3672627235213205,1.0416202758497604,-0.4507868025976864,0.2977557991844767,False,,
6073020014,"Census Tract 200.14, San Diego County, California",7611.0,106331.0,1307.9613535090946,0.3168402777777778,0.5155543372128871,-0.7272937447220836,0.29769273487721726,False,,
6073013604,"Census Tract 136.04, San Diego County, California",6836.0,83750.0,1900.2616197337263,0.37880794701986753,1.3898929342698407,-0.3052115099843365,0.29710476951902365,False,,
6073016802,"Census Tract 168.02, San Diego County, California",7131.0,73452.0,228.68961641337478,0.1039098274040155,0.3527676034984045,-0.8377888328192036,0.29179280599756696,False,,
6073020029,"Census Tract 200.29, San Diego County, California",5799.0,40000.0,1062.3577854456023,0.7578051087984863,5.495901631896546,0.6176107332515285,0.29138210131614456,False,,
6073009505,"Census Tract 95.05, San Diego County, California",7477.0,118750.0,423.66051788820437,0.2947668209327163,0.1133236640064743,-1.0203897753902829,0.28962694715282833,False,,
6073019905,"Census Tract 199.05, San Diego County, California",4270.0,60536.0,1214.9580157650262,0.5170142700329309,2.560801438380617,0.05690178696501628,0.2879808334288257,False,,
6073013802,"Census Tract 138.02, San Diego County, California",3151.0,52733.0,4451.405124031903,0.539714867617108,5.650784035584771,0.632530962713486,0.28330236649450874,False,,
6073020801,"Census Tract 208.01, San Diego County, California",5333.0,101094.0,39.388488130772096,0.14799374674309537,0.0295432125488633,-1.100413623949699,0.28097120377629725,False,,
6073016504,"Census Tract 165.04, San Diego County, California",7864.0,47288.0,6015.529574656671,0.7417802726543705,11.474178995403111,1.2132957562236222,0.28009059956550186,False,,
6073003901,"Census Tract 39.01, San Diego County, California",4353.0,30845.0,6784.545885141194,0.6642920747996438,14.027317474447678,1.3858832527583989,0.2798821616483991,False,,
6073008512,"Census Tract 85.12, San Diego County, California",4632.0,82406.0,2226.012588610073,0.20035356511490865,0.9611453318696346,-0.5100882370442975,0.27216261807704767,False,,
6073008327,"Census Tract 83.27, San Diego County, California",6196.0,135389.0,979.7827172674243,0.37831420656905423,0.1581314908436772,-0.9990891909617567,0.27180897538477455,False,,
6073019106,"Census Tract 191.06, San Diego County, California",8808.0,82817.0,107.29189701372206,0.1994851994851995,0.414160365402651,-0.8148687566956244,0.2705410636153974,False,,
6073015501,"Census Tract 155.01, San Diego County, California",5131.0,75000.0,155.82414649692302,0.16770833333333332,0.48590651801808,-0.7700358025994448,0.2692799653241752,False,,
6073004700,"Census Tract 47, San Diego County, California",1693.0,28661.0,4857.971921820101,0.8324396782841823,14.34722953874808,1.387989110271259,0.2595855044540971,False,,
6073013503,"Census Tract 135.03, San Diego County, California",6114.0,57206.0,2214.246682949818,0.4927470534904805,3.2594406520360426,0.1981429104221394,0.2589090838422945,False,,
6073020601,"Census Tract 206.01, San Diego County, California",6511.0,54504.0,5027.433741240068,0.7057340894770007,8.49359102344352,0.9415131766583312,0.25861744473744985,False,,
6073009202,"Census Tract 92.02, San Diego County, California",5944.0,78211.0,1642.4238551200185,0.40634920634920635,1.6578975657335313,-0.24020728350827691,0.257986777986589,False,,
6073014806,"Census Tract 148.06, San Diego County, California",2895.0,43917.0,3189.8113117364255,0.7450682852807283,7.712842549967179,0.8561749968344333,0.25196638199107213,False,,
6073016701,"Census Tract 167.01, San Diego County, California",9808.0,83074.0,1573.103825496898,0.3466299862448418,1.2831189441247128,-0.3918835239937207,0.24558493694254474,False,,
6073013506,"Census Tract 135.06, San Diego County, California",4131.0,67780.0,606.2706387006043,0.251005631536605,1.0273286058833768,-0.5037845423730964,0.24365834485732585,False,,
6073013103,"Census Tract 131.03, San Diego County, California",2703.0,46771.0,1378.961761303323,0.45618556701030927,3.060958404668864,0.1396832175908027,0.2423986313929855,False,,
6073003108,"Census Tract 31.08, San Diego County, California",3988.0,60000.0,3678.9890538641853,0.2861271676300578,2.7675444236691464,0.06696757343558578,0.23875106115883968,False,,
6073003403,"Census Tract 34.03, San Diego County, California",3726.0,39516.0,2686.565534925631,0.5927209705372617,5.76825665040393,0.606491722654927,0.23408856171779313,False,,
6073008339,"Census Tract 83.39, San Diego County, California",2115.0,65729.0,178.25281582953087,0.7373271889400922,3.286931355721846,0.1817405906914885,0.23287155192565423,False,,
6073015302,"Census Tract 153.02, San Diego County, California",4207.0,95469.0,1239.4276551381315,0.2353356890459364,0.5892216092883914,-0.739755049742549,0.23193551647072608,False,,
6073013601,"Census Tract 136.01, San Diego County, California",5317.0,75592.0,1640.348123863711,0.3441975308641975,1.542550426804317,-0.30440457235747814,0.23117968578287534,False,,
6073008336,"Census Tract 83.36, San Diego County, California",2215.0,136458.0,2673.446686097836,0.11037234042553191,0.0,-1.1703788405750442,0.23098025220341678,False,,
6073018802,"Census Tract 188.02, San Diego County, California",8293.0,90049.0,204.5126063275818,0.15343915343915343,0.2712695851445074,-0.948537925965591,0.22999263061416464,False,,
6073013903,"Census Tract 139.03, San Diego County, California",4190.0,63843.0,1113.2300030536833,0.3171774768353528,1.5941241093847491,-0.2908459833832881,0.22527529114030853,False,,
6073013401,"Census Tract 134.01, San Diego County, California",4189.0,78241.0,1815.6872054489563,0.14893617021276595,0.8668833637856082,-0.5990666974984784,0.22179420413777073,False,,
6073008510,"Census Tract 85.10, San Diego County, California",6821.0,51327.0,3350.863333730733,0.5249068112504236,4.912569027606999,0.4705202701997697,0.22179133305535315,False,,
6073022000,"Census Tract 220, San Diego County, California",4664.0,44316.0,5962.591261329567,0.753370340999207,12.784286580895298,1.2554851093732446,0.2213497186135327,False,,
6073010110,"Census Tract 101.10, San Diego County, California",8241.0,52703.0,3769.65194951408,0.45609436435124506,4.574265197808615,0.41223317599986786,0.2175774161129586,False,,
6073008335,"Census Tract 83.35, San Diego County, California",9938.0,155106.0,2231.2800642517805,0.2800378429517502,0.0,-1.1837468221934706,0.21542146184623667,False,,
6073008351,"Census Tract 83.51, San Diego County, California",4230.0,74212.0,3991.9118255295625,0.49329569513055754,3.774857518231266,0.26434434064904083,0.21261098809319842,False,,
6073015502,"Census Tract 155.02, San Diego County, California",2902.0,101146.0,112.19980279238608,0.1065891472868217,0.0386629230849021,-1.1523078256790316,0.21104899005225541,False,,
6073019303,"Census Tract 193.03, San Diego County, California",6880.0,62380.0,813.3716861665168,0.2823045267489712,1.4186715456392736,-0.3690909869792193,0.20983057427569446,False,,
6073017037,"Census Tract 170.37, San Diego County, California",5741.0,107790.0,1813.9876948537217,0.3847980997624703,0.947912050959966,-0.5706852209567944,0.20894604238548264,False,,
6073004000,"Census Tract 40, San Diego County, California",5166.0,36589.0,6034.231540428871,0.6852986217457887,12.848731503042506,1.2485973607398673,0.20829630550445732,False,,
6073015802,"Census Tract 158.02, San Diego County, California",4804.0,34705.0,5096.026511971935,0.8808510638297873,15.911822997414454,1.4276886174884977,0.2009600608999964,False,,
6073008337,"Census Tract 83.37, San Diego County, California",4303.0,143547.0,2747.4497250992863,0.13790504898266767,0.0,-1.1962929869418362,0.20081917163681595,False,,
6073020709,"Census Tract 207.09, San Diego County, California",7848.0,95132.0,72.94729972513477,0.1276595744680851,0.1673103204704925,-1.060902110350032,0.19134107439363834,False,,
6073013409,"Census Tract 134.09, San Diego County, California",5167.0,80324.0,1933.0695988700843,0.3144461459928535,1.4964734653532683,-0.3589719243421741,0.1874187457457427,False,,
6073021205,"Census Tract 212.05, San Diego County, California",7073.0,62169.0,712.0824267101134,0.47302158273381295,2.3155515077523834,-0.0973315414519028,0.18553195319575982,False,,
6073020017,"Census Tract 200.17, San Diego County, California",3498.0,46850.0,716.3237569101802,0.6017488076311606,3.890838016378909,0.2618781780531937,0.18382441599674895,False,,
6073014700,"Census Tract 147, San Diego County, California",8094.0,63779.0,3235.275536948287,0.44601089394424864,3.59741534871937,0.20100781179002417,0.17978890129336478,False,,
6073017030,"Census Tract 170.30, San Diego County, California",21927.0,139770.0,632.5242592480396,0.29721854304635764,0.0,-1.2165366366791959,0.1772578957974167,False,,
6073020810,"Census Tract 208.10, San Diego County, California",5261.0,106319.0,134.8066265220995,0.1116046640755136,0.0256237647827598,-1.1980784956246608,0.17141941172958153,False,,
6073017044,"Census Tract 170.44, San Diego County, California",5710.0,141595.0,2364.5447995031273,0.14263074484944532,0.0,-1.222008710589713,0.1708890322529475,False,,
6073016201,"Census Tract 162.01, San Diego County, California",5435.0,94277.0,1143.2596055922975,0.2142513240250361,0.6310540601245432,-0.7716950925431464,0.16670380607260848,False,,
6073000900,"Census Tract 9, San Diego County, California",5481.0,51359.0,8816.362691101287,0.7909343200740055,20.910913151672453,1.6372938129442394,0.16526178065698982,False,,
6073002002,"Census Tract 20.02, San Diego County, California",2818.0,87750.0,2194.605168413585,0.34596375617792424,1.5575622203077253,-0.35616736836087065,0.16457673779497495,False,,
6073008324,"Census Tract 83.24, San Diego County, California",7196.0,134099.0,1304.3987292553027,0.28830579850988014,0.1812671941711093,-1.073123453888701,0.1642820801257674,False,,
6073002905,"Census Tract 29.05, San Diego County, California",5023.0,47535.0,4382.0620823289255,0.6741826381059752,8.72399379320909,0.8795045666831717,0.16055197732879,False,,
6073019904,"Census Tract 199.04, San Diego County, California",7031.0,73395.0,1677.7304833165333,0.5417246175243393,2.863428502318077,0.01871889695224724,0.15545647692541656,False,,
6073012102,"Census Tract 121.02, San Diego County, California",3685.0,49606.0,3270.1992674464836,0.42707240293809023,4.437176753658729,0.33234797987810527,0.15148948625647346,False,,
6073020015,"Census Tract 200.15, San Diego County, California",4841.0,91385.0,1641.0485979095474,0.2680221811460259,1.0169687654882549,-0.589899223386417,0.14896313618097634,False,,
6073003214,"Census Tract 32.14, San Diego County, California",5141.0,64846.0,4138.600877318006,0.29287925696594425,3.220074598185571,0.08901986310967801,0.14192902121334683,False,,
6073020027,"Census Tract 200.27, San Diego County, California",16449.0,112813.0,1034.4710186860316,0.2099836333878887,0.3144479964393068,-0.995574459013009,0.13917925808989273,False,,
6073019406,"Census Tract 194.06, San Diego County, California",4877.0,63938.0,2449.778907079122,0.32936010037641156,2.511563365879764,-0.08513540487694364,0.13770226858733575,False,,
6073017401,"Census Tract 174.01, San Diego County, California",5860.0,114479.0,1583.9499222439647,0.4555676459920203,1.081194486173355,-0.5708157943938431,0.13732436386058933,False,,
6073009306,"Census Tract 93.06, San Diego County, California",5667.0,72500.0,1991.120550204727,0.42601246105919005,2.4594748282041805,-0.0994505345485468,0.1371791967444192,False,,
6073020214,"Census Tract 202.14, San Diego County, California",5919.0,31735.0,3379.662976943645,0.8726442033123929,13.132665732337191,1.2056500709011386,0.13639454242141635,False,,
6073013313,"Census Tract 133.13, San Diego County, California",15935.0,102768.0,843.1244485054619,0.17790893760539628,0.3703715807680096,-0.9607362824679727,0.13473418178926488,False,,
6073020107,"Census Tract 201.07, San Diego County, California",3980.0,80000.0,1718.5765710026305,0.2495755517826825,1.2954094756301235,-0.4822241456038832,0.13464130394037888,False,,
6073008509,"Census Tract 85.09, San Diego County, California",8117.0,66162.0,4156.571289030547,0.4699221514508139,4.608739879422807,0.3406098308859416,0.12755811521928623,False,,
6073016609,"Census Tract 166.09, San Diego County, California",5347.0,84361.0,1121.0026880830187,0.25968109339407747,1.048253869537141,-0.599088439204547,0.12164679340141304,False,,
6073012401,"Census Tract 124.01, San Diego County, California",3898.0,41588.0,2586.7070156680124,0.5707610146862483,5.972386644692691,0.5371268441686379,0.12126869230093829,False,,
6073017047,"Census Tract 170.47, San Diego County, California",4003.0,136728.0,1876.4574146454756,0.12050739957716702,0.0,-1.2707202290093431,0.11419443730929024,False,,
6073017900,"Census Tract 179, San Diego County, California",7084.0,62321.0,2938.549134013346,0.6699593259732713,5.8074093557576,0.5082297146209136,0.11349415208204733,False,,
6073017010,"Census Tract 170.10, San Diego County, California",3266.0,116643.0,214.0121271223477,0.1298449612403101,0.0,-1.2723688552952572,0.11227562626570542,False,,
6073012402,"Census Tract 124.02, San Diego County, California",5318.0,43080.0,5929.133924690087,0.7094178892569806,13.379016001557174,1.1988514901264928,0.1098205439186426,False,,
6073001800,"Census Tract 18, San Diego County, California",5488.0,47319.0,7315.364305388421,0.7584208620065194,17.328669090752456,1.4211557383215032,0.10647766071833331,False,,
6073013414,"Census Tract 134.14, San Diego County, California",7797.0,101747.0,2717.561925438395,0.22507488232777065,1.0456182860478629,-0.6148945102858637,0.10464075468318346,False,,
6073020025,"Census Tract 200.25, San Diego County, California",4791.0,63553.0,2443.0702804641146,0.4714210802307289,3.569503645011229,0.12947820000066032,0.10311270245620222,False,,
6073015602,"Census Tract 156.02, San Diego County, California",2267.0,116125.0,528.738894447563,0.08819538670284939,0.0,-1.284269941649879,0.0984241329812574,False,,
6073002902,"Census Tract 29.02, San Diego County, California",7053.0,54658.0,4415.232121798535,0.6037223730127956,7.5120920830260065,0.701661154941175,0.09730208820956687,False,,
6073021206,"Census Tract 212.06, San Diego County, California",3065.0,104375.0,71.53152348539429,0.09888220120378331,0.0933527223300415,-1.2047332439738152,0.09461898363717669,False,,
6073007702,"Census Tract 77.02, San Diego County, California",3957.0,61061.0,6136.098041624767,0.6911381407471764,10.854861332164106,1.004739022693536,0.092344330944367,False,,
6073001300,"Census Tract 13, San Diego County, California",6102.0,55859.0,7705.157696258931,0.7430400890868597,16.415445763907915,1.3601337454150297,0.09064584375245133,False,,
6073007903,"Census Tract 79.03, San Diego County, California",4660.0,59781.0,6150.430704247349,0.663439194422928,10.558679320596308,0.9795119929226819,0.09030507587849312,False,,
6073008356,"Census Tract 83.56, San Diego County, California",4276.0,92656.0,7058.436781283812,0.4032951289398281,4.952130576204732,0.3620313474748566,0.08832131786011099,False,,
6073018509,"Census Tract 185.09, San Diego County, California",4914.0,41786.0,2409.1991166489806,0.6801948051948052,7.35408765765867,0.6727340098346596,0.0838674241289954,False,,
6073003601,"Census Tract 36.01, San Diego County, California",2896.0,36061.0,3227.2977751702456,0.5925449871465296,7.800788821198799,0.7202256183506313,0.0828916033037348,False,,
6073013909,"Census Tract 139.09, San Diego County, California",4610.0,61050.0,4260.657248498645,0.2852830188679245,3.69688264511813,0.1363472655019375,0.08141723430301591,False,,
6073020209,"Census Tract 202.09, San Diego County, California",5710.0,41836.0,6507.669543614383,0.5855369670804101,12.536666371236114,1.109753861964201,0.07131032433709716,False,,
6073013605,"Census Tract 136.05, San Diego County, California",6756.0,111466.0,1163.4481151425919,0.07315936626281454,0.1722096085172575,-1.1662502006045607,0.06420524777935266,False,,
6073013411,"Census Tract 134.11, San Diego County, California",5200.0,92885.0,1089.504174478709,0.14685714285714285,0.6285601006607937,-0.8643688170995735,0.06049469675060615,False,,
6073018801,"Census Tract 188.01, San Diego County, California",3583.0,76341.0,283.8223097072878,0.07241129616220131,0.5544951626991388,-0.9083833957915676,0.05952954563700197,False,,
6073014805,"Census Tract 148.05, San Diego County, California",4523.0,57047.0,3494.286984754623,0.5095354523227383,5.407917066832271,0.4055016855678241,0.059237931395246024,False,,
6073003111,"Census Tract 31.11, San Diego County, California",7190.0,41359.0,4976.926558940166,0.6052487698195735,10.383017855925242,0.9282572495467685,0.04718753845487189,False,,
6073013606,"Census Tract 136.06, San Diego County, California",6421.0,77449.0,1702.6674485805195,0.5557132718239887,3.182060330628599,-0.0011672997885518455,0.04673301083304437,False,,
6073009201,"Census Tract 92.01, San Diego County, California",5885.0,66413.0,3434.213002642767,0.6673123486682808,6.41908972456592,0.5296098305737381,0.04546146547126262,False,,
6073009704,"Census Tract 97.04, San Diego County, California",6013.0,99375.0,1919.0098445938743,0.22111949186184995,0.9574304895695364,-0.7076035144076133,0.044325034707276,False,,
6073020211,"Census Tract 202.11, San Diego County, California",7005.0,42007.0,4414.7180500672,0.6787907416154936,10.713805403446454,0.9512645147864657,0.04303206688762318,False,,
6073013000,"Census Tract 130, San Diego County, California",6558.0,52656.0,4029.6675799620907,0.48406081412457086,6.144659316807092,0.4910496951433622,0.04128335250207393,False,,
6073011602,"Census Tract 116.02, San Diego County, California",3847.0,41176.0,3768.0729403732626,0.8282548476454293,12.733285215714172,1.0914458706699206,0.034429815620615534,False,,
6073003208,"Census Tract 32.08, San Diego County, California",6793.0,45135.0,5001.24544495069,0.4826418289585097,8.098586764972412,0.7080864803272808,0.032827583590765985,False,,
6073016806,"Census Tract 168.06, San Diego County, California",4449.0,59054.0,2914.894342179789,0.3997289972899729,3.931078006985554,0.13847153495686332,0.031344929197972354,False,,
6073004400,"Census Tract 44, San Diego County, California",4019.0,66563.0,4265.242529039625,0.573074908328968,6.367617609912354,0.5050449738177086,0.024388790537363203,False,,
6073018613,"Census Tract 186.13, San Diego County, California",3853.0,57571.0,2349.7452303655423,0.5474006116207951,4.878785840364479,0.2945986894307489,0.0232266992378517,False,,
6073006802,"Census Tract 68.02, San Diego County, California",5498.0,70555.0,5411.105440772262,0.7333333333333333,9.8419524204661,0.8616493290617465,0.022252454255057397,False,,
6073020208,"Census Tract 202.08, San Diego County, California",2541.0,68553.0,3878.151450621872,0.25,3.052460803323,-0.051966008126661654,0.021603010842749577,False,,
6073019203,"Census Tract 192.03, San Diego County, California",2694.0,61202.0,707.7233814090378,0.21139896373056996,1.576221339441064,-0.476646578150282,0.016503087012483375,False,,
6073004300,"Census Tract 43, San Diego County, California",3881.0,73640.0,3811.2804298344913,0.5257082896117523,4.910178342997283,0.29331566834454503,0.01598231398989708,False,,
6073004501,"Census Tract 45.01, San Diego County, California",2690.0,47724.0,8201.722656275753,0.7454050374404356,21.34277271149824,1.5224609304261734,0.010532661549235822,False,,
6073014001,"Census Tract 140.01, San Diego County, California",4404.0,52500.0,2366.153041277233,0.4948849104859335,4.835462618413966,0.2740910900540874,0.007345656934084066,False,,
6073008505,"Census Tract 85.05, San Diego County, California",6571.0,68665.0,2225.609971032714,0.34346642468239563,2.709614939622844,-0.14734232783461707,0.006051922395727355,False,,
6073013410,"Census Tract 134.10, San Diego County, California",8449.0,125988.0,396.7019962237589,0.17163289630512515,0.0939050766300766,-1.2863420870969111,-0.0009097093491623465,False,,
6073018517,"Census Tract 185.17, San Diego County, California",5049.0,55243.0,2600.987790795144,0.5664302600472814,5.666640067091816,0.3837602174604478,-0.008809542561433625,False,,
6073021304,"Census Tract 213.04, San Diego County, California",2508.0,116786.0,31.165158169009977,0.11174458380843785,0.0621314955522527,-1.3266630671080872,-0.016008377542517493,False,,
6073020401,"Census Tract 204.01, San Diego County, California",2312.0,115972.0,231.4311067892553,0.1082529474812433,0.1000999596839339,-1.2947168356857874,-0.016755072051554354,False,,
6073008331,"Census Tract 83.31, San Diego County, California",2421.0,164250.0,2537.30063663548,0.18333333333333332,0.0,-1.3841743122405585,-0.017853043495694054,False,,
6073013420,"Census Tract 134.20, San Diego County, California",3658.0,91645.0,1891.985723548213,0.5080440304826418,2.5860931158395477,-0.20021232428833416,-0.018913324555840078,False,,
6073019206,"Census Tract 192.06, San Diego County, California",6193.0,67653.0,4284.929601893482,0.5411931818181818,6.227089684650628,0.448500162036549,-0.020626845857825815,False,,
6073016702,"Census Tract 167.02, San Diego County, California",7517.0,63354.0,2249.1812291951233,0.593459552495697,5.086614460066129,0.2858572371403631,-0.02446374250493205,False,,
6073009504,"Census Tract 95.04, San Diego County, California",6621.0,139938.0,111.04419201018663,0.23837493881546745,0.0167715136701686,-1.3795118784203495,-0.030387276158493348,False,,
6073003305,"Census Tract 33.05, San Diego County, California",5998.0,23452.0,4651.432839559173,0.6904906117504542,15.509946113901874,1.204462517574706,-0.032878687079341606,False,,
6073018200,"Census Tract 182, San Diego County, California",7204.0,43836.0,4545.49349606592,0.7567084078711985,13.250328070153293,1.0656983047139905,-0.035446446280335664,False,,
6073015405,"Census Tract 154.05, San Diego County, California",5599.0,102602.0,1191.3782070337627,0.22945736434108527,0.8511364222423737,-0.8330834226969484,-0.04142713702079348,False,,
6073017306,"Census Tract 173.06, San Diego County, California",2723.0,114063.0,579.2732606156081,0.10736196319018405,0.2127334780079354,-1.2261310787195254,-0.042189867968251304,False,,
6073009502,"Census Tract 95.02, San Diego County, California",4081.0,82361.0,1193.4811041101732,0.3898963730569948,2.047137399845923,-0.37330855513398076,-0.044509819803381756,False,,
6073020020,"Census Tract 200.20, San Diego County, California",8066.0,113574.0,1001.936689103739,0.13715046604527298,0.3726518804005972,-1.1168289019353346,-0.048735044959572704,False,,
6073012700,"Census Tract 127, San Diego County, California",5335.0,38299.0,4602.260058296444,0.7619753086419753,14.665121085480704,1.1419392108240507,-0.048927271927560856,False,,
6073017601,"Census Tract 176.01, San Diego County, California",5595.0,110804.0,641.2132581915616,0.27902946273830154,0.6876281589185648,-0.9264327821143633,-0.05021385029803116,False,,
6073016617,"Census Tract 166.17, San Diego County, California",3528.0,60201.0,1998.4988187586007,0.37265068049254696,3.39880751489558,-0.043653574675736016,-0.05728109549270424,False,,
6073017110,"Census Tract 171.10, San Diego County, California",11815.0,129920.0,254.60370462837773,0.24071358748778104,0.2154919209719659,-1.2465035477943804,-0.06835450956701328,False,,
6073020105,"Census Tract 201.05, San Diego County, California",4130.0,67909.0,1580.7777622149308,0.5194206714944042,3.827549061053101,0.03168937317527675,-0.07002384767174043,False,,
6073017056,"Census Tract 170.56, San Diego County, California",4399.0,101085.0,1580.2383808978218,0.5633210719915922,2.5145871030426807,-0.2649301259682343,-0.07248752082079563,False,,
6073000700,"Census Tract 7, San Diego County, California",4631.0,74114.0,5936.812001520476,0.6735974892114555,10.25577542910037,0.8081448880760953,-0.08047042025179763,False,,
6073016807,"Census Tract 168.07, San Diego County, California",7650.0,74297.0,1450.3447266666628,0.1656025538707103,1.5167003677559872,-0.5828110640072531,-0.08181823744243744,False,,
6073017604,"Census Tract 176.04, San Diego County, California",7421.0,66563.0,1503.4644444319829,0.48608201137384016,3.6467268561886126,-0.014142243747331177,-0.08214183983280887,False,,
6073010601,"Census Tract 106.01, San Diego County, California",2307.0,121034.0,218.74982393573143,0.2037174721189591,0.2844601091491956,-1.2096850737228606,-0.08509936323255896,False,,
6073002803,"Census Tract 28.03, San Diego County, California",5248.0,47648.0,4731.469552691806,0.6208119826566811,10.81890903816724,0.8481764830539614,-0.08659653944588963,False,,
6073009107,"Census Tract 91.07, San Diego County, California",4817.0,65913.0,5970.931040150234,0.581453634085213,9.916431040315938,0.7653169854871168,-0.09726004450814418,False,,
6073013102,"Census Tract 131.02, San Diego County, California",6473.0,53981.0,3257.49892393218,0.5948348856900931,7.548661186309702,0.5324366371878397,-0.1042850609556033,False,,
6073003115,"Census Tract 31.15, San Diego County, California",6952.0,57035.0,4535.01483506351,0.4121146565711195,6.5233239859946925,0.40756134265626826,-0.11165484824979299,False,,
6073019702,"Census Tract 197.02, San Diego County, California",5077.0,82176.0,1255.6075211678087,0.27469316189362947,1.731190200546516,-0.5339246480043588,-0.11324094068511836,False,,
6073018609,"Census Tract 186.09, San Diego County, California",6399.0,64903.0,4863.089766458376,0.3288659793814433,5.31983565638516,0.24418379703985735,-0.11357102812238423,False,,
6073015406,"Census Tract 154.06, San Diego County, California",2606.0,131071.0,428.9559841451473,0.08450704225352113,0.0,-1.466859352725083,-0.11408890372461489,False,,
6073010010,"Census Tract 100.10, San Diego County, California",5846.0,48750.0,4996.753889671729,0.3961218836565097,7.692573555772418,0.5392968187023061,-0.11432825288224813,False,,
6073013801,"Census Tract 138.01, San Diego County, California",4789.0,66467.0,2099.0834018649925,0.38610478359908884,3.5065080841344614,-0.07778613190884266,-0.12312842325606727,False,,
6073019902,"Census Tract 199.02, San Diego County, California",4202.0,70469.0,1615.6515957553822,0.45468053491827637,3.4604627229410854,-0.08763324677692412,-0.12349903062112966,False,,
6073014400,"Census Tract 144, San Diego County, California",3952.0,33090.0,2325.024701588421,0.8491722869405273,13.53126724102573,1.0071123363348464,-0.12471570296983359,False,,
6073007301,"Census Tract 73.01, San Diego County, California",5268.0,75618.0,4564.834625637143,0.6337435233160622,7.7986924128197215,0.5388237808777351,-0.1279819727258611,False,,
6073017106,"Census Tract 171.06, San Diego County, California",4942.0,108750.0,162.8303033440378,0.13026819923371646,0.3624308653954706,-1.1928712182197663,-0.1291685847453805,False,,
6073002801,"Census Tract 28.01, San Diego County, California",3031.0,38125.0,1057.4748331493324,0.4753199268738574,5.233296765833054,0.21708582760741116,-0.13022094567264203,False,,
6073019809,"Census Tract 198.09, San Diego County, California",3994.0,82639.0,1343.0073275888528,0.06706586826347305,1.0087686486646366,-0.8355522579748977,-0.13254948375932596,False,,
6073021204,"Census Tract 212.04, San Diego County, California",5660.0,113715.0,120.39096218255081,0.050078247261345854,0.1276229281087111,-1.3723231968196246,-0.1337642179947358,False,,
6073007501,"Census Tract 75.01, San Diego County, California",3684.0,62560.0,3563.4265594865824,0.7473279179136383,9.672710530636758,0.7089195472209181,-0.13851787453891662,False,,
6073002100,"Census Tract 21, San Diego County, California",4966.0,59459.0,5571.481643671361,0.6732673267326733,12.34117963761276,0.9159420994458203,-0.1385559132894667,False,,
6073007800,"Census Tract 78, San Diego County, California",6067.0,66091.0,3010.5488276640267,0.7452114203108059,8.435689808849258,0.5892318628966696,-0.1447911763710319,False,,
6073008305,"Census Tract 83.05, San Diego County, California",2002.0,37863.0,449.1164909004435,0.8662576687116564,9.870692107702055,0.7157333323704034,-0.15043565573708872,False,,
6073009603,"Census Tract 96.03, San Diego County, California",5444.0,54910.0,3145.5647846870534,0.6232136632973161,8.08925550801226,0.5487295171611174,-0.15153751314885655,False,,
6073004600,"Census Tract 46, San Diego County, California",1843.0,50109.0,4761.212362292947,0.8061749571183533,15.500420061724189,1.1013178006615507,-0.15230400378706088,False,,
6073008365,"Census Tract 83.65, San Diego County, California",3152.0,149063.0,1370.4643218172314,0.10488058151609553,0.0,-1.4999197204649584,-0.1525673625883659,False,,
6073017014,"Census Tract 170.14, San Diego County, California",2427.0,55382.0,1209.468949808196,0.3639596917605216,3.488373567637977,-0.11537440168554391,-0.16252261751659836,False,,
6073017033,"Census Tract 170.33, San Diego County, California",4800.0,141713.0,524.6344799451563,0.24750623441396508,0.2185976999771484,-1.3269183811413974,-0.164703820566642,False,,
6073018100,"Census Tract 181, San Diego County, California",6606.0,69665.0,2308.5026661757606,0.41025641025641024,3.8440098891815575,-0.047179878424776917,-0.16549439538230495,False,,
6073003213,"Census Tract 32.13, San Diego County, California",4420.0,100703.0,3692.28988235878,0.13468309859154928,1.6707194037822528,-0.6004349341331693,-0.16647350173854303,False,,
6073014602,"Census Tract 146.02, San Diego County, California",5266.0,86250.0,1928.4237922226387,0.37416851441241683,2.5634193971816317,-0.33540789357785156,-0.1694160754347133,False,,
6073009705,"Census Tract 97.05, San Diego County, California",4121.0,102000.0,1706.5452145745107,0.2210386151797603,1.2423284745749896,-0.7663395925323554,-0.1707713675390088,False,,
6073001100,"Census Tract 11, San Diego County, California",3392.0,67909.0,3624.08631626403,0.6891163793103449,8.547373387415165,0.5725290076692046,-0.17693791742337772,False,,
6073019205,"Census Tract 192.05, San Diego County, California",6509.0,48168.0,3345.6423861974818,0.43520668834184856,6.682032727080544,0.37078191908015556,-0.1770052558922678,False,,
6073017020,"Census Tract 170.20, San Diego County, California",3488.0,134792.0,121.25160900821554,0.10429447852760736,0.0,-1.521430090960447,-0.17760295543981508,False,,
6073002702,"Census Tract 27.02, San Diego County, California",6238.0,58088.0,4588.16289455765,0.6668211306765524,11.032773872774086,0.7825337585483093,-0.18236272418321242,False,,
6073018612,"Census Tract 186.12, San Diego County, California",3869.0,77872.0,638.4300367347598,0.31124807395993837,1.9801396848842383,-0.5196922231794394,-0.19087553885141212,False,,
6073008701,"Census Tract 87.01, San Diego County, California",3165.0,70000.0,1873.9224602891125,0.7596899224806202,7.104919280717015,0.4077297367367309,-0.1918689690919546,False,,
6073019602,"Census Tract 196.02, San Diego County, California",5267.0,72064.0,1192.3414487184546,0.35203205495134515,2.716555417623212,-0.31749260183671607,-0.1940018696114527,False,,
6073003004,"Census Tract 30.04, San Diego County, California",5115.0,45213.0,4024.2824295320715,0.5289655172413793,9.44113179948873,0.638282529701753,-0.19704214654160557,False,,
6073008362,"Census Tract 83.62, San Diego County, California",3542.0,74485.0,3996.817622164217,0.4614942528735632,5.642035039757506,0.21474419233711198,-0.20153181798339087,False,,
6073017502,"Census Tract 175.02, San Diego County, California",3959.0,89182.0,2074.813671073574,0.45603576751117736,3.144451130700036,-0.22492494361439097,-0.2039399699865058,False,,
6073019404,"Census Tract 194.04, San Diego County, California",3265.0,65444.0,2922.030225255341,0.37485029940119763,4.4747782928872,0.03276619506088598,-0.20463144131383965,False,,
6073005900,"Census Tract 59, San Diego County, California",3240.0,64808.0,7728.110972302205,0.7235349716446124,19.08175548716594,1.2367438837204219,-0.20679701699041808,False,,
6073013311,"Census Tract 133.11, San Diego County, California",11324.0,103725.0,3248.720144358422,0.30480769230769234,2.295104305445724,-0.44288104918477317,-0.2099676505612898,False,,
6073008366,"Census Tract 83.66, San Diego County, California",7061.0,155877.0,1156.4274556008156,0.1413237924865832,0.0,-1.550226948675668,-0.21111917987261064,False,,
6073010111,"Census Tract 101.11, San Diego County, California",3328.0,37560.0,5514.004097264037,0.585247883917775,14.9116697341876,1.015731597898127,-0.212681700990482,False,,
6073002705,"Census Tract 27.05, San Diego County, California",4542.0,56184.0,3700.711136338355,0.35276752767527675,5.703429756576064,0.21080403141797424,-0.21605343945424343,False,,
6073017045,"Census Tract 170.45, San Diego County, California",2753.0,150391.0,1411.719360931608,0.07364787111622555,0.0,-1.5550510497852752,-0.2167338777356569,False,,
6073000202,"Census Tract 2.02, San Diego County, California",5021.0,64080.0,3844.5084298081174,0.6066746126340882,8.422543861360145,0.5227416485437393,-0.22067259189721766,False,,
6073017701,"Census Tract 177.01, San Diego County, California",5299.0,79875.0,1812.8650187758938,0.3920595533498759,3.079030981125315,-0.255563778661209,-0.22241841697288373,False,,
6073008359,"Census Tract 83.59, San Diego County, California",4808.0,58889.0,4317.490455701912,0.8237769594950026,14.367688704498876,0.9691201540930389,-0.22936829189833707,False,,
6073019301,"Census Tract 193.01, San Diego County, California",7026.0,100539.0,1996.3465592304321,0.19651212250106337,1.420684998029058,-0.7459966958293079,-0.22974281656405682,False,,
6073010015,"Census Tract 100.15, San Diego County, California",3062.0,90125.0,75.58015736507977,0.328,1.5303624286854818,-0.7078475451149212,-0.23319255195706523,False,,
6073003107,"Census Tract 31.07, San Diego County, California",6187.0,66655.0,3935.2423435667206,0.2676977989292088,4.452351124125917,0.0031240822083635953,-0.23469874560144108,False,,
6073012304,"Census Tract 123.04, San Diego County, California",3525.0,52277.0,2860.3180883458645,0.46112600536193027,6.491502044472883,0.2960355819148552,-0.23688071567252328,False,,
6073020210,"Census Tract 202.10, San Diego County, California",5035.0,50802.0,4923.7881868680115,0.4212103055721989,8.801210264510845,0.543944834294086,-0.23854203089807569,False,,
6073020021,"Census Tract 200.21, San Diego County, California",6248.0,61776.0,2158.794526387131,0.5105140186915887,5.528283038123256,0.16690505105155518,-0.23855702563589265,False,,
6073008306,"Census Tract 83.06, San Diego County, California",3226.0,127778.0,1177.951387631603,0.10752688172043011,0.3651430215845018,-1.2909899823855746,-0.2455150432454798,False,,
6073020710,"Census Tract 207.10, San Diego County, California",1600.0,121250.0,62.50071004891787,0.13549337260677466,0.3125035502445893,-1.335596919519757,-0.2549690960590796,False,,
6073010003,"Census Tract 100.03, San Diego County, California",6521.0,74199.0,5100.455539838074,0.13424124513618677,3.910792470355831,-0.11327814490827388,-0.25721116686155476,False,,
6073013412,"Census Tract 134.12, San Diego County, California",4825.0,87064.0,1028.0298232903854,0.28794642857142855,1.9175685823033093,-0.5996378988117449,-0.2610088171251252,False,,
6073007701,"Census Tract 77.01, San Diego County, California",4074.0,73019.0,7164.535934820926,0.6261487050960736,14.068799086540846,0.9227563597577038,-0.26212094732006186,False,,
6073008003,"Census Tract 80.03, San Diego County, California",4154.0,101591.0,5520.338925995044,0.6679124399359316,7.973527577267757,0.4412127918378821,-0.2628370561762219,False,,
6073010004,"Census Tract 100.04, San Diego County, California",4732.0,58910.0,3352.9258658641797,0.2244196044711952,4.251385290613923,-0.05896907077840182,-0.2664136940846527,False,,
6073019501,"Census Tract 195.01, San Diego County, California",3538.0,42625.0,4546.269274963472,0.7015250544662309,15.419794036054736,0.9969136195771325,-0.2685289632835668,False,,
6073008344,"Census Tract 83.44, San Diego County, California",3560.0,113790.0,1746.4506709961502,0.30625,1.4717280935360817,-0.7625253585215045,-0.2715137926042144,False,,
6073014601,"Census Tract 146.01, San Diego County, California",4765.0,44154.0,3276.0108302919516,0.6354869816779171,11.000246229731632,0.7027177532237578,-0.27233625685825813,False,,
6073020708,"Census Tract 207.08, San Diego County, California",3769.0,91563.0,831.1943067158422,0.2907861369399831,1.7642755250004611,-0.6722632109247796,-0.28725384672660625,False,,
6073018516,"Census Tract 185.16, San Diego County, California",3912.0,69185.0,1803.6035541725798,0.4223880597014925,4.149394679844892,-0.09514886644075955,-0.28734370551886285,False,,
6073017051,"Census Tract 170.51, San Diego County, California",4769.0,102590.0,1919.614595519915,0.32037037037037036,2.0125965564268347,-0.5949176346123829,-0.2901265355689302,False,,
6073017702,"Census Tract 177.02, San Diego County, California",3253.0,100921.0,2180.026888568645,0.40444444444444444,2.6806355838532374,-0.41487555452803887,-0.2968569480700294,False,,
6073020706,"Census Tract 207.06, San Diego County, California",6429.0,114497.0,385.3047957282179,0.10466760961810467,0.4794584485652113,-1.2622474507508237,-0.2989014269414849,False,,
6073013310,"Census Tract 133.1, San Diego County, California",29528.0,75678.0,3472.4375048638076,0.3805358119190815,4.8215232220067765,0.007276857295163176,-0.3006127673112527,False,,
6073003902,"Census Tract 39.02, San Diego County, California",4284.0,34199.0,3649.886706301002,0.5966930265995687,12.779715358196786,0.8063445724752979,-0.3010399465704001,False,,
6073008503,"Census Tract 85.03, San Diego County, California",6796.0,66817.0,1855.0726630775189,0.34868201534868204,3.8215151976287913,-0.17171814444541936,-0.3054162148438885,False,,
6073018512,"Census Tract 185.12, San Diego County, California",3874.0,43223.0,1674.2203615692522,0.4297482837528604,6.050357527612166,0.18071681212171187,-0.3055604205415603,False,,
6073008348,"Census Tract 83.48, San Diego County, California",5910.0,113333.0,2957.6292303322443,0.2854821235102925,2.001779512915225,-0.6175113242322712,-0.31253864198955156,False,,
6073013205,"Census Tract 132.05, San Diego County, California",2370.0,34205.0,1330.0064346426643,0.5311572700296736,7.8565780949355695,0.3813793397514465,-0.31831021182195435,False,,
6073018504,"Census Tract 185.04, San Diego County, California",7307.0,67300.0,1149.8481866830894,0.38429596073990185,3.619338756495286,-0.2235244412812619,-0.3194549713687777,False,,
6073017015,"Census Tract 170.15, San Diego County, California",8107.0,90034.0,1700.2368919429066,0.3263352886693424,2.5166945483304404,-0.4800511667712808,-0.3235109494563105,False,,
6073003501,"Census Tract 35.01, San Diego County, California",4739.0,41176.0,3998.6160502715384,0.631979695431472,13.500286306044444,0.8319594373104978,-0.3262687468767336,False,,
6073010013,"Census Tract 100.13, San Diego County, California",5639.0,36393.0,6289.244867738906,0.7828251400124455,26.767490126925647,1.4318259216289657,-0.3296786939106551,False,,
6073017808,"Census Tract 178.08, San Diego County, California",6283.0,142431.0,1113.4063217580224,0.1666073335706657,0.3544186922673953,-1.3720219784835128,-0.3313102215531307,False,,
6073013417,"Census Tract 134.17, San Diego County, California",2206.0,125859.0,1095.388844347067,0.10675039246467818,0.4965497934483532,-1.2828659130214317,-0.3353024976944121,False,,
6073017055,"Census Tract 170.55, San Diego County, California",5256.0,117361.0,2550.7766884471644,0.3275862068965517,1.941230356504692,-0.6562197942103913,-0.3355861126923549,False,,
6073008311,"Census Tract 83.11, San Diego County, California",3138.0,164653.0,1249.4657698903125,0.1245819397993311,0.0,-1.657727824860241,-0.33623781359839766,False,,
6073013206,"Census Tract 132.06, San Diego County, California",7350.0,39136.0,4625.081991311023,0.5662930034789331,13.843782831135032,0.8448906810820457,-0.33650083729724245,False,,
6073002502,"Census Tract 25.02, San Diego County, California",6642.0,57241.0,3508.030987787971,0.44881889763779526,7.394223702052332,0.314990045115059,-0.3376809677321033,False,,
6073020307,"Census Tract 203.07, San Diego County, California",7156.0,63618.0,323.59097761338774,0.2726938625505329,2.622732909666921,-0.4660136875995656,-0.3392526855318374,False,,
6073012501,"Census Tract 125.01, San Diego County, California",2778.0,26382.0,6024.518186146824,0.46923597025016905,17.3492244381478,1.0370947715025889,-0.34173542815782465,False,,
6073013306,"Census Tract 133.06, San Diego County, California",4153.0,51742.0,3134.203670175883,0.3951612903225806,6.792158206497217,0.24237964788753077,-0.3418211534038046,False,,
6073017018,"Census Tract 170.18, San Diego County, California",4633.0,72390.0,2571.4028768317467,0.5886563876651982,6.660227611047045,0.2256267122871972,-0.342879684537526,False,,
6073017050,"Census Tract 170.50, San Diego County, California",3097.0,65824.0,622.7303300263519,0.43105022831050227,3.820431472554306,-0.21225323207206384,-0.35235163949977627,False,,
6073006801,"Census Tract 68.01, San Diego County, California",2547.0,59057.0,3786.429949423727,0.5306685044796692,8.9197407524705,0.4562490992968932,-0.3535907214818895,False,,
6073009602,"Census Tract 96.02, San Diego County, California",4162.0,74219.0,2152.657340759222,0.3203169213355971,3.620519314107293,-0.25265900681831077,-0.35364019296872495,False,,
6073017046,"Census Tract 170.46, San Diego County, California",3807.0,125368.0,1008.2575257335633,0.10963687150837989,0.5296861180633378,-1.2855123463261922,-0.36203193908261544,False,,
6073008352,"Census Tract 83.52, San Diego County, California",3722.0,81250.0,5347.910129416001,0.42036553524804177,7.184188782127889,0.2704381813659867,-0.36217073569323266,False,,
6073013301,"Census Tract 133.01, San Diego County, California",5174.0,74364.0,3041.2435033134902,0.29544072948328265,4.114554411131509,-0.16584960949134364,-0.3623001434158354,False,,
6073007400,"Census Tract 74, San Diego County, California",7014.0,74650.0,4608.94384656625,0.5770763101440393,9.199488715701095,0.47129637316169853,-0.36610933606142504,False,,
6073008303,"Census Tract 83.03, San Diego County, California",3618.0,144792.0,821.1128416690793,0.12528735632183907,0.2269521397648091,-1.5005007621042787,-0.37411176625618814,False,,
6073014101,"Census Tract 141.01, San Diego County, California",3662.0,78036.0,2748.923868736339,0.18996415770609318,3.0026475900997696,-0.4040849214835803,-0.3748667832430167,False,,
6073017021,"Census Tract 170.21, San Diego County, California",2955.0,133000.0,91.11626845536686,0.03277153558052434,0.092503825843012,-1.6125503644587864,-0.3791944064683406,False,,
6073020013,"Census Tract 200.13, San Diego County, California",13670.0,118333.0,1305.5888546563986,0.20265914585012088,1.050583569950284,-1.028418386507979,-0.3792713470615242,False,,
6073014804,"Census Tract 148.04, San Diego County, California",3771.0,63070.0,2955.6184953410893,0.358695652173913,5.486430513759646,0.039364996881017945,-0.3800537036804895,False,,
6073013204,"Census Tract 132.04, San Diego County, California",3805.0,36458.0,4742.339360795702,0.502454991816694,13.709785274310835,0.7956689088584152,-0.3839969059874926,False,,
6073018519,"Census Tract 185.19, San Diego County, California",5776.0,56382.0,3716.046296564068,0.4609882964889467,8.363677606532702,0.3718215266022016,-0.3895587332963312,False,,
6073014902,"Census Tract 149.02, San Diego County, California",3339.0,54345.0,2170.0615416452774,0.6352941176470588,9.098790531007454,0.43519720101376264,-0.3974102756608743,False,,
6073008901,"Census Tract 89.01, San Diego County, California",5402.0,73697.0,4158.307906543816,0.493531202435312,7.6977191901958815,0.29379471336606633,-0.4007034618856567,False,,
6073012101,"Census Tract 121.01, San Diego County, California",2269.0,50521.0,3275.6862351795335,0.5584795321637427,10.10568693091967,0.5186522529018268,-0.40291032924134507,False,,
6073000600,"Census Tract 6, San Diego County, California",3143.0,60909.0,3371.252549792092,0.6593625498007968,10.726225102742896,0.5689301929891052,-0.40310536412027054,False,,
6073019405,"Census Tract 194.05, San Diego County, California",4090.0,66000.0,3678.7762812865194,0.6203630623520127,9.894019338423403,0.4987766061394204,-0.40526306781070853,False,,
6073017039,"Census Tract 170.39, San Diego County, California",7516.0,101649.0,1558.9003498289924,0.37201963534361854,2.488930840599775,-0.5587151331905446,-0.40650756264093363,False,,
6073008340,"Census Tract 83.40, San Diego County, California",9104.0,84444.0,3982.61212874027,0.6828036202904652,9.186605305749744,0.4333823861764601,-0.408871963057162,False,,
6073008310,"Census Tract 83.10, San Diego County, California",6212.0,173549.0,1202.679621132789,0.1507557677008751,0.0,-1.7224196010193626,-0.4115315873200791,False,,
6073013421,"Census Tract 134.21, San Diego County, California",4590.0,89572.0,1853.399020571122,0.23910171730515192,2.4227438177400287,-0.5831847119597294,-0.41430487382874925,False,,
6073005200,"Census Tract 52, San Diego County, California",6308.0,41866.0,8532.199522806106,0.7898089171974523,39.22539412830962,1.699059342482441,-0.4188828156536648,False,,
6073015704,"Census Tract 157.04, San Diego County, California",3979.0,48185.0,4220.988045371602,0.5225563909774437,11.668979265917978,0.6240907246974454,-0.4224093214670682,False,,
6073005700,"Census Tract 57, San Diego County, California",1589.0,34048.0,5834.189519565706,0.881767955801105,33.044496964185875,1.5403925316241962,-0.4233987796838896,False,,
6073012800,"Census Tract 128, San Diego County, California",4070.0,49761.0,3932.4081107117854,0.5564462257849031,11.594323667946297,0.6165968265349698,-0.4247491195885662,False,,
6073003301,"Census Tract 33.01, San Diego County, California",3719.0,38512.0,2436.006195169628,0.6862549800796812,13.100329094754654,0.7212439869650851,-0.4249246810685432,False,,
6073008357,"Census Tract 83.57, San Diego County, California",5462.0,89238.0,5976.1513846499365,0.4177461139896373,7.658927076629358,0.2680746718390268,-0.42581162240406784,False,,
6073013312,"Census Tract 133.12, San Diego County, California",2703.0,64487.0,3161.8065795181615,0.2384887839433294,4.678959052191138,-0.12583827849110601,-0.42876928369077943,False,,
6073005000,"Census Tract 50, San Diego County, California",2401.0,22614.0,1644.5946226892258,0.8423180592991913,18.49398367872099,1.0151528523444948,-0.4326251720861767,False,,
6073007907,"Census Tract 79.07, San Diego County, California",3532.0,68255.0,7518.127689860626,0.8092812676853424,25.542902683558182,1.2970875445648755,-0.4377929376499139,False,,
6073017009,"Census Tract 170.09, San Diego County, California",4347.0,79150.0,1245.1882055480467,0.3269611074489123,3.150924835755352,-0.424624453947563,-0.4380526423291629,False,,
6073017042,"Census Tract 170.42, San Diego County, California",7921.0,127841.0,1384.7887513282192,0.32834731849689897,1.3985999255934545,-0.9339461895362143,-0.4385970292496404,False,,
6073011801,"Census Tract 118.01, San Diego County, California",3722.0,37016.0,5709.58161220816,0.6472148541114059,21.476126429584696,1.1414617900171933,-0.4393324963899816,False,,
6073013504,"Census Tract 135.04, San Diego County, California",3611.0,85962.0,1642.0641457799575,0.18982229402261713,2.2736972386872853,-0.6469531371199997,-0.4404456810644247,False,,
6073012200,"Census Tract 122, San Diego County, California",3302.0,48938.0,1863.310843872467,0.436289500509684,6.771571812982922,0.15479947455946452,-0.44089767412167535,False,,
6073017029,"Census Tract 170.29, San Diego County, California",9149.0,151267.0,299.4480504492381,0.11309352517985612,0.0981904198653092,-1.6628877258645653,-0.4433875235222353,False,,
6073000400,"Census Tract 4, San Diego County, California",3717.0,69783.0,3156.790415258426,0.6921434671221178,10.19141377000299,0.49064516271338937,-0.44381102170792386,False,,
6073008328,"Census Tract 83.28, San Diego County, California",6663.0,167689.0,931.8280546851619,0.1146067415730337,0.0,-1.750510360856189,-0.444225995178378,False,,
6073009304,"Census Tract 93.04, San Diego County, California",9130.0,74931.0,1643.308569691876,0.7044534412955465,7.559579400554085,0.23921862008511632,-0.44693535459799555,False,,
6073021303,"Census Tract 213.03, San Diego County, California",9497.0,148261.0,123.47215307945858,0.11483571191503485,0.1170105694129859,-1.6523431434448062,-0.44946415387744576,False,,
6073008006,"Census Tract 80.06, San Diego County, California",3928.0,92253.0,2640.291281144422,0.6142131979695431,6.049547232764715,0.05672164739390181,-0.4497523901127226,False,,
6073016614,"Census Tract 166.14, San Diego County, California",3807.0,89844.0,1748.999304978778,0.2035268185157972,2.2970834055408167,-0.653813977192737,-0.4561176671123487,False,,
6073013303,"Census Tract 133.03, San Diego County, California",5321.0,55781.0,3849.0062289911625,0.3240506329113924,7.2336144126877695,0.19340233596645784,-0.458333446898614,False,,
6073004800,"Census Tract 48, San Diego County, California",3960.0,33797.0,7033.955004658544,0.6901408450704225,30.196271484645266,1.4273413262247565,-0.4606297736101532,False,,
6073020023,"Census Tract 200.23, San Diego County, California",4221.0,68929.0,1245.211143211588,0.19873817034700317,2.950038244993101,-0.5039106787361258,-0.4767650121688429,False,,
6073018511,"Census Tract 185.11, San Diego County, California",5205.0,49506.0,3081.2995305756917,0.5242669362992922,10.063802501399955,0.45138802617889323,-0.4771177951074663,False,,
6073013505,"Census Tract 135.05, San Diego County, California",5021.0,61159.0,1842.5564089037161,0.392226148409894,5.504550116223012,-0.0469854316233855,-0.4835680096291668,False,,
6073008502,"Census Tract 85.02, San Diego County, California",6915.0,71083.0,2185.913172315678,0.35405516673528203,4.741677163374573,-0.16356417984157431,-0.48453847843555775,False,,
6073016610,"Census Tract 166.10, San Diego County, California",4077.0,84241.0,3031.5397953551424,0.24696356275303644,3.7178560158880822,-0.34707531782094253,-0.48604222643150385,False,,
6073018514,"Census Tract 185.14, San Diego County, California",8551.0,78295.0,2082.9080854283175,0.3451043338683788,4.140970348764051,-0.2700812091022483,-0.48917670799329105,False,,
6073002903,"Census Tract 29.03, San Diego County, California",4057.0,66250.0,2882.4475517474343,0.3443429374560787,5.683899535119417,-0.027000625604154244,-0.489679918392927,False,,
6073003401,"Census Tract 34.01, San Diego County, California",7027.0,64422.0,2505.086355130053,0.4254117647058824,6.416899728524399,0.06029829736707231,-0.500444279775754,False,,
6073011700,"Census Tract 117, San Diego County, California",6083.0,28036.0,3730.0383440975143,0.7147298872910999,20.84847997687251,1.0604949788745135,-0.5029842345751621,False,,
6073022100,"Census Tract 221, San Diego County, California",9730.0,105151.0,521.4537321215747,0.36365959621773575,2.0901023178562603,-0.7557608287402345,-0.5047600453415635,False,,
6073018608,"Census Tract 186.08, San Diego County, California",2974.0,80921.0,724.266948595435,0.13162393162393163,1.9482634797456224,-0.8080829415020894,-0.514916428230801,False,,
6073009301,"Census Tract 93.01, San Diego County, California",4911.0,64449.0,3108.852248524556,0.49473156046161565,8.229500963310779,0.2483459376252941,-0.5176842540022457,False,,
6073007910,"Census Tract 79.10, San Diego County, California",3221.0,70379.0,3223.9687142503903,0.7851809304997128,13.011981771268262,0.6320479461193687,-0.521951286552032,False,,
6073009802,"Census Tract 98.02, San Diego County, California",6468.0,71543.0,3267.1430096887357,0.4022571543732366,6.5666139650515705,0.05572350553441347,-0.5273493959153351,False,,
6073019403,"Census Tract 194.03, San Diego County, California",5254.0,73281.0,1627.5095087806453,0.18779904306220097,3.0976579915885902,-0.513702442318273,-0.5277820865406886,False,,
6073017006,"Census Tract 170.06, San Diego County, California",2928.0,129125.0,1138.0120294783837,0.12086874409820586,0.7773306212284041,-1.291468245199744,-0.5309976440762167,False,,
6073014102,"Census Tract 141.02, San Diego County, California",4157.0,59386.0,3519.776592364352,0.3036332179930796,6.773686008880158,0.07724152117234628,-0.5314599245803785,False,,
6073001000,"Census Tract 10, San Diego County, California",4934.0,65437.0,5810.686078120837,0.6763215061549602,17.66523939436817,0.8890404312053911,-0.5324929910477811,False,,
6073009801,"Census Tract 98.01, San Diego County, California",5134.0,82809.0,2454.401341058255,0.38421052631578945,4.780680446159439,-0.20870643306216966,-0.5443895910370684,False,,
6073018000,"Census Tract 180, San Diego County, California",3370.0,80648.0,1917.8589974258489,0.6048780487804878,6.829171504186999,0.06745771134401653,-0.5505274220661313,False,,
6073001400,"Census Tract 14, San Diego County, California",3397.0,84321.0,4551.580795016212,0.5539609644087256,9.379177381546508,0.3233254152319613,-0.5571892727361292,False,,
6073010001,"Census Tract 100.01, San Diego County, California",3693.0,66231.0,1755.909076041684,0.25687285223367695,4.279226017973235,-0.315916453600428,-0.5711807272419145,False,,
6073020305,"Census Tract 203.05, San Diego County, California",6108.0,78095.0,1766.277917958887,0.27709750566893426,3.7592686531541473,-0.4137662420519674,-0.5731003093309781,False,,
6073019805,"Census Tract 198.05, San Diego County, California",4003.0,42352.0,2792.541692074124,0.4994152046783626,11.161795421730195,0.4516925602191694,-0.5789409837912692,False,,
6073013908,"Census Tract 139.08, San Diego County, California",4465.0,70605.0,3954.985415284592,0.5682819383259912,10.62930010826766,0.41004154552894034,-0.5790705545463368,False,,
6073002712,"Census Tract 27.12, San Diego County, California",4958.0,40775.0,2259.240377251602,0.4453290870488323,9.5691907870681,0.3131604864768461,-0.588610568410701,False,,
6073007905,"Census Tract 79.05, San Diego County, California",2895.0,74643.0,5067.217270612243,0.6450060168471721,14.002672941242814,0.6371139512744001,-0.5898266201155052,False,,
6073008360,"Census Tract 83.60, San Diego County, California",6707.0,84358.0,2407.501532561525,0.4658138509042788,5.743256973458236,-0.11080953836597913,-0.5967714156174658,False,,
6073020106,"Census Tract 201.06, San Diego County, California",3859.0,74256.0,2116.562255186258,0.2791095890410959,4.387794257965812,-0.3194655795498974,-0.5972938456120702,False,,
6073008200,"Census Tract 82, San Diego County, California",2709.0,78056.0,1374.5964484512497,0.44928787224859734,5.074184010525101,-0.2124289774773721,-0.6022038646701828,False,,
6073016811,"Census Tract 168.11, San Diego County, California",4823.0,78359.0,1466.7797232807343,0.1380952380952381,2.737096726005932,-0.6657228694681271,-0.6052537303727114,False,,
6073003109,"Census Tract 31.09, San Diego County, California",3589.0,87286.0,3279.680789212766,0.2800480769230769,4.569073264436843,-0.2960451049674274,-0.6057706289180502,False,,
6073017054,"Census Tract 170.54, San Diego County, California",5701.0,119545.0,847.6573355854161,0.205666829506595,1.3381715524063753,-1.10178894179634,-0.606392862474375,False,,
6073010104,"Census Tract 101.04, San Diego County, California",3867.0,60909.0,2387.7758810220807,0.3797814207650273,6.792225159359423,0.014170285853672101,-0.6074398352596809,False,,
6073016401,"Census Tract 164.01, San Diego County, California",5503.0,68843.0,2345.2534279252545,0.24349442379182157,4.687949792327421,-0.28113934216935715,-0.6112300823692809,False,,
6073020019,"Census Tract 200.19, San Diego County, California",6745.0,52917.0,2023.5760025680377,0.2302231237322515,5.400202823754586,-0.17257253332506198,-0.6122730637978281,False,,
6073017403,"Census Tract 174.03, San Diego County, California",5158.0,108333.0,1215.7455448067617,0.2619823173569102,2.1213086280071454,-0.8437628195466765,-0.6180348580436247,False,,
6073016503,"Census Tract 165.03, San Diego County, California",3077.0,64214.0,4551.48445106168,0.4257510729613734,10.35436826695865,0.35187093403562275,-0.6209384157873519,False,,
6073010800,"Census Tract 108, San Diego County, California",2745.0,102125.0,4151.277593476644,0.4432393347794649,6.049220536942287,-0.09209422918016796,-0.6229068788918446,False,,
6073017022,"Census Tract 170.22, San Diego County, California",5823.0,86184.0,1300.7257185923402,0.2618724559023066,3.1272814803868734,-0.5903485067897809,-0.6247679331061452,False,,
6073017104,"Census Tract 171.04, San Diego County, California",3955.0,106776.0,1801.8354536645948,0.29310344827586204,2.733505113018348,-0.6977653246606575,-0.6415091313016182,False,,
6073006900,"Census Tract 69, San Diego County, California",5721.0,103782.0,3142.6007024391192,0.30623066725585507,3.845167788336625,-0.4563618000825524,-0.641993103743784,False,,
6073002804,"Census Tract 28.04, San Diego County, California",5453.0,71942.0,3707.371746303,0.3673740053050398,7.478651973103428,0.061599217575977534,-0.643405610973947,False,,
6073010300,"Census Tract 103, San Diego County, California",4462.0,67361.0,3983.52880444621,0.40294840294840295,8.927675491811318,0.20346647133765502,-0.6486640068619615,False,,
6073017200,"Census Tract 172, San Diego County, California",4338.0,122563.0,782.9880720864626,0.3544749823819591,1.9854469324460784,-0.9224338947073193,-0.6615418315058126,False,,
6073009103,"Census Tract 91.03, San Diego County, California",3606.0,76667.0,2009.973479410978,0.3345070422535211,5.016572743954189,-0.27838398349620863,-0.6686769163923856,False,,
6073009706,"Census Tract 97.06, San Diego County, California",7273.0,111473.0,1133.6080981352577,0.1307563025210084,1.5586526854602747,-1.0848439069888636,-0.6839791183861679,False,,
6073018507,"Census Tract 185.07, San Diego County, California",9360.0,68529.0,2003.0556537282484,0.3200642054574639,5.564043482578468,-0.2120853189865803,-0.6855572595040086,False,,
6073021400,"Census Tract 214, San Diego County, California",6932.0,69432.0,2059.3190995243917,0.595759003702457,9.2093035322066,0.19618968039503315,-0.6873404670071965,False,,
6073012900,"Census Tract 129, San Diego County, California",3393.0,75930.0,2472.1261441552456,0.2033898305084746,4.371575851733415,-0.4002024942993458,-0.6880067872380453,False,,
6073010011,"Census Tract 100.11, San Diego County, California",4066.0,68571.0,4593.832976629539,0.33471502590673574,9.038530204878583,0.17487927555537922,-0.6939274028002784,False,,
6073018400,"Census Tract 184, San Diego County, California",3266.0,45851.0,2462.690904911228,0.6639957264957265,15.08077712744169,0.6118437568907339,-0.6941767322570856,False,,
6073019806,"Census Tract 198.06, San Diego County, California",11962.0,102413.0,600.2268004308958,0.18833589125191844,1.9067562628635717,-0.9756298513644196,-0.6946107863181722,False,,
6073010900,"Census Tract 109, San Diego County, California",2072.0,107794.0,1514.3969440297449,0.32642487046632124,2.9235462239956465,-0.6998575830154042,-0.6975578257246469,False,,
6073021500,"Census Tract 215, San Diego County, California",9324.0,191642.0,741.1881017517219,0.15255399382927665,0.0,-1.982217465748011,-0.7139063681908422,False,,
6073020405,"Census Tract 204.05, San Diego County, California",3249.0,123229.0,633.6033482479033,0.019409937888198756,0.780059523850912,-1.4492963763911735,-0.7163481501038481,False,,
6073017032,"Census Tract 170.32, San Diego County, California",14919.0,126696.0,1467.6443566045627,0.341034103410341,2.262606086326493,-0.8908886893223603,-0.7206938088392907,False,,
6073008513,"Census Tract 85.13, San Diego County, California",2944.0,102857.0,1967.8644298600682,0.1927497789566755,2.673728844918571,-0.7808969675213396,-0.7208354226944932,False,,
6073005100,"Census Tract 51, San Diego County, California",6851.0,42483.0,4230.937130264072,0.6826700898587933,22.232336401913088,0.9259082414444282,-0.7259462476713607,False,,
6073000300,"Census Tract 3, San Diego County, California",5174.0,69766.0,5756.732154989912,0.6392144440924928,18.91465918724942,0.7790000231683654,-0.7305351988218802,False,,
6073012302,"Census Tract 123.02, San Diego County, California",1679.0,29886.0,4334.685507549725,0.7210718635809987,28.398773426472285,1.1350834389861872,-0.7366990290771629,False,,
6073016606,"Census Tract 166.06, San Diego County, California",4014.0,92063.0,1459.4668483820772,0.244672454617206,3.2723471936817874,-0.6576603471746049,-0.7404144564111209,False,,
6073008504,"Census Tract 85.04, San Diego County, California",5922.0,70854.0,1962.4821561397412,0.31382748157780666,5.633602947378521,-0.25244977356234277,-0.7439200007800031,False,,
6073008506,"Census Tract 85.06, San Diego County, California",4753.0,77500.0,3684.672666948426,0.3707165109034268,7.752309419205609,0.0027462929728711374,-0.7462067538578768,False,,
6073011100,"Census Tract 111, San Diego County, California",4669.0,97222.0,5141.24157409379,0.5130784708249497,9.910296458951406,0.2050013101779615,-0.7487959217718669,False,,
6073006100,"Census Tract 61, San Diego County, California",2330.0,88681.0,2611.7098970068787,0.5555555555555556,7.846338746372598,0.004376841375207626,-0.7558484966864847,False,,
6073018515,"Census Tract 185.15, San Diego County, California",4772.0,79260.0,1158.954912719669,0.39154929577464787,5.100178786067278,-0.3418984214342992,-0.757502854800946,False,,
6073009104,"Census Tract 91.04, San Diego County, California",3103.0,96080.0,1800.17683429056,0.17197986577181207,2.900703890252272,-0.7615453550244734,-0.763050092656176,False,,
6073018513,"Census Tract 185.13, San Diego County, California",9422.0,70938.0,1081.3560344302468,0.44655969540386187,6.3123096894145165,-0.18023385885120924,-0.7650598040488726,False,,
6073002703,"Census Tract 27.03, San Diego County, California",7679.0,58342.0,3867.773907559889,0.4521774521774522,12.088367467305291,0.35874699919624864,-0.7664072612193251,False,,
6073019804,"Census Tract 198.04, San Diego County, California",4489.0,103750.0,1761.9839849122127,0.12607449856733524,2.355068814763483,-0.9188929148995796,-0.7834653913579306,False,,
6073008702,"Census Tract 87.02, San Diego County, California",5439.0,74643.0,2016.5516775812214,0.5393442622950819,8.527429414298233,0.04938143268950348,-0.783563276774176,False,,
6073008350,"Census Tract 83.50, San Diego County, California",6555.0,108596.0,422.1351539904083,0.4333623693379791,3.2843467358521465,-0.7036475970911548,-0.7969670309697104,False,,
6073007200,"Census Tract 72, San Diego County, California",6092.0,123603.0,1733.2959122881477,0.19190031152647974,1.9916400830625465,-1.0415464434479704,-0.8024129156911256,False,,
6073003113,"Census Tract 31.13, San Diego County, California",5339.0,94123.0,3361.272250355507,0.1891271056661562,4.40698740447435,-0.4943773734420378,-0.8047110283834381,False,,
6073003404,"Census Tract 34.04, San Diego County, California",5520.0,42941.0,3303.9901910787507,0.5545529122231337,16.75937053445743,0.5994815910718484,-0.815783233863342,False,,
6073017053,"Census Tract 170.53, San Diego County, California",3217.0,145052.0,605.2590351295574,0.04226618705035971,0.5644318014885522,-1.657319639620203,-0.819026689782886,False,,
6073006500,"Census Tract 65, San Diego County, California",3223.0,55273.0,867.0162134691255,0.7420289855072464,13.450453203058103,0.399984446983503,-0.8253203034176353,False,,
6073013419,"Census Tract 134.19, San Diego County, California",8579.0,112980.0,1475.7948355249373,0.200160128102482,2.4083375332030683,-0.9497294970734025,-0.8363660420358022,False,,
6073003103,"Census Tract 31.03, San Diego County, California",6485.0,56281.0,3179.3835914509855,0.24754193175245806,8.334544495708057,-0.020383292866599196,-0.8426749446155516,False,,
6073008511,"Census Tract 85.11, San Diego County, California",4336.0,79645.0,285.46442947732504,0.5015105740181269,5.925230316641894,-0.30576704562840573,-0.8524344216744317,False,,
6073018518,"Census Tract 185.18, San Diego County, California",3624.0,60469.0,3662.567948405706,0.3873473917869034,11.117066068560367,0.210132034692753,-0.8561106929773593,False,,
6073013307,"Census Tract 133.07, San Diego County, California",4814.0,65990.0,3679.557209524549,0.2975567190226876,9.172140946052052,0.01871837739079374,-0.8899586602522904,False,,
6073012003,"Census Tract 120.03, San Diego County, California",3617.0,57778.0,3316.0584711602737,0.46260683760683763,12.835172407034513,0.30255457925506946,-0.8917306918694923,False,,
6073016809,"Census Tract 168.09, San Diego County, California",5529.0,93609.0,978.2022884435571,0.20064899945916712,3.184597792002899,-0.8079406522292043,-0.8929132239664845,False,,
6073019803,"Census Tract 198.03, San Diego County, California",4937.0,87188.0,1299.7608441938132,0.4690312334568555,6.3184647074441,-0.2932207347795672,-0.8974720856362561,False,,
6073013701,"Census Tract 137.01, San Diego County, California",2391.0,84643.0,1048.229379247055,0.1696035242290749,3.5072501187689005,-0.746453607670508,-0.9015581159948408,False,,
6073013416,"Census Tract 134.16, San Diego County, California",4029.0,86420.0,1826.5879007841447,0.18181818181818182,4.080241029301887,-0.637816314598363,-0.9043458191533111,False,,
6073017603,"Census Tract 176.03, San Diego County, California",2528.0,108833.0,1529.70621910827,0.2277992277992278,3.0255265409578125,-0.8557668309017804,-0.9067273669292144,False,,
6073013302,"Census Tract 133.02, San Diego County, California",4872.0,62957.0,3480.464784756977,0.24195804195804196,8.572573361470386,-0.059017721570279257,-0.9148320559366476,False,,
6073014200,"Census Tract 142, San Diego County, California",6393.0,74033.0,2833.580584962036,0.24184360435007768,6.648476266921717,-0.2712886918805296,-0.9195740982005931,False,,
6073017031,"Census Tract 170.31, San Diego County, California",3995.0,95903.0,3774.36040332471,0.30926430517711173,6.613397452634035,-0.27675254942286936,-0.9209693373332533,False,,
6073020109,"Census Tract 201.09, San Diego County, California",5622.0,85278.0,3628.238780809961,0.32926829268292684,7.744373064695755,-0.1517220953216297,-0.9250105241671907,False,,
6073003204,"Census Tract 32.04, San Diego County, California",3620.0,92616.0,1036.3683054727671,0.16270566727605118,3.149185458618905,-0.8453538534456312,-0.9272805928203492,False,,
6073011902,"Census Tract 119.02, San Diego County, California",5650.0,57071.0,3281.970306336821,0.2851335656213705,9.874954904022294,0.0414071393791595,-0.9356970206037399,False,,
6073010106,"Census Tract 101.06, San Diego County, California",6111.0,43830.0,4561.211601260916,0.5161290322580645,21.6454158789996,0.7100433347266044,-0.949556898602805,False,,
6073017304,"Census Tract 173.04, San Diego County, California",6028.0,90625.0,2013.9437688017344,0.5030750307503075,7.684257910159239,-0.17926849468387288,-0.9496219512501284,False,,
6073014002,"Census Tract 140.02, San Diego County, California",4516.0,78011.0,2146.766388793858,0.18828125,5.229058962961125,-0.49129592003605255,-0.9539612684929044,False,,
6073009703,"Census Tract 97.03, San Diego County, California",3445.0,88125.0,2080.774766765763,0.225531914893617,4.831987847351555,-0.555502789713541,-0.9575628288107301,False,,
6073018614,"Census Tract 186.14, San Diego County, California",6024.0,47585.0,3592.7506160521666,0.3849924585218703,14.31374747431142,0.33730444047177105,-0.9609319472732285,False,,
6073016615,"Census Tract 166.15, San Diego County, California",4030.0,83889.0,1674.2993166764718,0.3995560488346282,6.6473422002043545,-0.3077472513494021,-0.9618475334578971,False,,
6073003001,"Census Tract 30.01, San Diego County, California",4235.0,58684.0,1780.3333827953627,0.23732718894009217,7.146556672378079,-0.2592328869610811,-0.9736700026209661,False,,
6073008361,"Census Tract 83.61, San Diego County, California",2581.0,64688.0,4571.291710949451,0.5167095115681234,17.711320073419028,0.4848259250233633,-1.005614783825345,False,,
6073010107,"Census Tract 101.07, San Diego County, California",6932.0,63316.0,2979.5132466347854,0.29209252286175363,9.456043194743982,-0.059039450322365274,-1.0101856839865166,False,,
6073017801,"Census Tract 178.01, San Diego County, California",6514.0,83657.0,1459.7353466249422,0.3756727664155005,6.498668260995291,-0.37103123838627877,-1.0143021182485272,False,,
6073009106,"Census Tract 91.06, San Diego County, California",4747.0,60114.0,1983.7840570602984,0.31649484536082473,8.775956435278337,-0.12833100798052566,-1.0182076787953862,False,,
6073010501,"Census Tract 105.01, San Diego County, California",1490.0,53676.0,3066.893015016226,0.4415156507413509,14.408222218197034,0.28075266582811137,-1.0333932154433805,False,,
6073013309,"Census Tract 133.09, San Diego County, California",6886.0,87778.0,2746.7040478195936,0.1834232466895537,5.584353277588486,-0.52038841100598,-1.0477225852398075,False,,
6073017108,"Census Tract 171.08, San Diego County, California",4829.0,128000.0,2299.8057913240737,0.15884057971014492,2.857493217631899,-1.0587435414306505,-1.0969254134505626,False,,
6073008349,"Census Tract 83.49, San Diego County, California",3970.0,102063.0,4136.315504040083,0.34552102376599636,8.335144592524097,-0.23891670233810083,-1.0970920738549008,False,,
6073000201,"Census Tract 2.01, San Diego County, California",2056.0,101071.0,2379.032636353829,0.4823529411764706,8.099819287196889,-0.2725130782292169,-1.108623590628905,False,,
6073005800,"Census Tract 58, San Diego County, California",3299.0,99335.0,4081.4391944275594,0.6025934401220442,13.608921230282858,0.16557115575221393,-1.1099280261314686,False,,
6073017813,"Census Tract 178.13, San Diego County, California",4400.0,96694.0,640.8654051547339,0.1937219730941704,3.6412807111064422,-0.8995025713135876,-1.1113328648997407,False,,
6073008101,"Census Tract 81.01, San Diego County, California",4021.0,101417.0,2728.1374125153607,0.4848349687778769,8.82014085120609,-0.2233265709848757,-1.1336412396776179,False,,
6073017041,"Census Tract 170.41, San Diego County, California",5951.0,110094.0,1914.6235717923066,0.25,4.5042396244483776,-0.7821684669182251,-1.1589169698068553,False,,
6073008307,"Census Tract 83.07, San Diego County, California",3924.0,84722.0,1790.6335388569732,0.21450906816760476,5.932272172563876,-0.575731735832133,-1.1677397084498848,False,,
6073003212,"Census Tract 32.12, San Diego County, California",4220.0,83169.0,3321.121712882634,0.15064935064935064,7.082960999038792,-0.437813466876733,-1.1730542377605655,False,,
6073020016,"Census Tract 200.16, San Diego County, California",9600.0,143836.0,1999.0586428686786,0.15692214480460467,2.2905880282870275,-1.2767683005116448,-1.1790352512437032,False,,
6073003114,"Census Tract 31.14, San Diego County, California",3577.0,101364.0,3148.9043455675333,0.21454545454545454,6.162239423811219,-0.5655094710241272,-1.191083626224151,False,,
6073021800,"Census Tract 218, San Diego County, California",2330.0,121563.0,1600.9649316479208,0.2954939341421144,4.122656476346577,-0.8838423271606469,-1.1996702215123007,False,,
6073016000,"Census Tract 160, San Diego County, California",2389.0,74425.0,1281.7491801397891,0.40266963292547275,9.12086063724421,-0.2552873583331932,-1.20341212944251,False,,
6073005300,"Census Tract 53, San Diego County, California",5263.0,54009.0,6039.950596446728,0.7321620652563643,44.75737664096948,1.1291243408723555,-1.2213669438432981,False,,
6073009604,"Census Tract 96.04, San Diego County, California",3693.0,73590.0,2020.221692553097,0.44173441734417346,11.487856903226383,-0.08384110202216823,-1.2308106689075786,False,,
6073002001,"Census Tract 20.01, San Diego County, California",3417.0,151797.0,1388.661600873473,0.1882494004796163,2.031989465720622,-1.4031343281186064,-1.2377267512698764,False,,
6073008312,"Census Tract 83.12, San Diego County, California",3872.0,126970.0,328.04740612952935,0.340627973358706,3.4736424719294177,-1.0553077955363115,-1.2529467838687174,False,,
6073011000,"Census Tract 110, San Diego County, California",3732.0,96728.0,4171.326225687601,0.636,17.883499359861098,0.2563946646411228,-1.2813737945987167,False,,
6073003112,"Census Tract 31.12, San Diego County, California",4831.0,68062.0,3213.5084476992483,0.24943481537302187,11.308143989005842,-0.14124955879524428,-1.281974245658411,False,,
6073009506,"Census Tract 95.06, San Diego County, California",4512.0,113068.0,2960.7141628256427,0.22301304863582444,5.905679846061787,-0.7071282333400214,-1.3165197453572128,False,,
6073008313,"Census Tract 83.13, San Diego County, California",2162.0,183929.0,908.6053380760526,0.08963282937365011,0.8405229769436194,-1.9680782434792705,-1.3562211403726343,False,,
6073003101,"Census Tract 31.01, San Diego County, California",3977.0,53155.0,3786.742858864398,0.16279069767441862,14.282409575802356,-0.026667799317835472,-1.382341609431114,False,,
6073018510,"Census Tract 185.10, San Diego County, California",3057.0,69868.0,1530.48909797847,0.2903930131004367,10.013013398616096,-0.33752673681551376,-1.3903550791829768,False,,
6073017040,"Census Tract 170.40, San Diego County, California",4861.0,110906.0,1646.5676028880691,0.15373864430468204,4.742223089988268,-0.9720742166025177,-1.4256536755847513,False,,
6073008902,"Census Tract 89.02, San Diego County, California",2132.0,64583.0,690.4510251632705,0.44063324538258575,12.630201679815924,-0.17490240348195396,-1.4313175120731416,False,,
6073005400,"Census Tract 54, San Diego County, California",7430.0,73125.0,4809.655558017476,0.43499275012083133,22.009190978814832,0.30486083466208486,-1.4383516937482754,False,,
6073017109,"Census Tract 171.09, San Diego County, California",6787.0,135526.0,1540.0120605045563,0.20153061224489796,3.630498448220554,-1.1845428451760036,-1.4405753253140046,False,,
6073016613,"Census Tract 166.13, San Diego County, California",1923.0,93250.0,2301.857499759178,0.15797101449275364,7.182082682555938,-0.6807204802024044,-1.4689319005627286,False,,
6073006000,"Census Tract 60, San Diego County, California",4114.0,86667.0,4077.140310863045,0.49317899958660605,18.82976808614435,0.14034871988962364,-1.4692387047893125,False,,
6073008358,"Census Tract 83.58, San Diego County, California",7384.0,83769.0,3917.943186806082,0.30026338893766463,13.795574601429864,-0.137532397137911,-1.4764153169830438,False,,
6073009101,"Census Tract 91.01, San Diego County, California",5991.0,103143.0,2144.846933808601,0.19875259875259876,6.802218618321386,-0.7501085758397236,-1.4983564002452803,False,,
6073013415,"Census Tract 134.15, San Diego County, California",1529.0,87639.0,1317.337611737398,0.16312056737588654,6.892544731130925,-0.7507991729503153,-1.5115899340116665,False,,
6073017303,"Census Tract 173.03, San Diego County, California",3009.0,155350.0,822.1571696486642,0.31742588575560376,3.278792301689589,-1.3296448129639529,-1.524154766341969,False,,
6073017501,"Census Tract 175.01, San Diego County, California",2981.0,104808.0,1467.7384504423662,0.45847400405131666,9.847289167677731,-0.477407962029266,-1.536787359927625,False,,
6073003105,"Census Tract 31.05, San Diego County, California",4674.0,66071.0,3861.093663924883,0.26974267968056787,17.347660877711284,0.002072060173321677,-1.546290589224384,False,,
6073007002,"Census Tract 70.02, San Diego County, California",2982.0,133000.0,2065.8774067373056,0.13317572892040977,4.156694983374861,-1.1844777761772207,-1.5567268863805637,False,,
6073000100,"Census Tract 1, San Diego County, California",2863.0,131607.0,1857.3154611301413,0.10112359550561797,3.892383083053038,-1.2464051700154344,-1.5719847047542563,False,,
6073017809,"Census Tract 178.09, San Diego County, California",2558.0,90882.0,1642.5282666663682,0.21690767519466073,8.34748532707693,-0.660253201610238,-1.5889058136008294,False,,
6073007100,"Census Tract 71, San Diego County, California",4665.0,114458.0,1627.7870009275196,0.2630480167014614,7.67659464531735,-0.8508346308259003,-1.7302942289079053,False,,
6073008102,"Census Tract 81.02, San Diego County, California",3603.0,136067.0,1891.9855748036869,0.2483574244415243,6.301367443143004,-1.0711013745144145,-1.8003098118861804,False,,
6073017107,"Census Tract 171.07, San Diego County, California",2976.0,169821.0,1576.5244746321946,0.08438409311348205,3.17847676337136,-1.727747328473784,-1.961881485230473,False,,
6073008346,"Census Tract 83.46, San Diego County, California",5020.0,150405.0,427.8153504112253,0.1751990898748578,4.346331249197707,-1.5429679015255422,-2.012967088537285,False,,
